Row Labels,PRODUCT_NAME,Sum of Restricted Inventory,Sum of Unrestricted Inventory
Coated Shells,UH0.2AA05,0.0,0.0
Coated Shells,UH0.2AA06,0.0,0.0
Coated Shells,UH0.2AA07,0.0,0.0
Coated Shells,UH0.2AA08,0.0,952643.66
Coated Shells,UH0.2AA09,0.0,329081.04
Coated Shells,UH0.2AA10,0.0,121881.65
Coated Shells,UH0.2AA11,0.0,1481362.03
Coated Shells,UH0.2AA12,0.0,399061.96
Coated Shells,UH0.2AA13,0.0,102585.21
Coated Shells,UH0.2AG05,0.0,1781719.02
Coated Shells,UH0.2AG06,0.0,6817607.14
Coated Shells,UH0.2AG07,0.0,4809371.45
Coated Shells,UH0.2AG08,0.0,606751.72
Coated Shells,UH0.2AG09,0.0,4518400.44
Coated Shells,UH0.2AG10,0.0,0.0
Coated Shells,UH0.2AS05,0.0,0.0
Coated Shells,UH0.2AS06,0.0,1024529.95
Coated Shells,UH0.2AS07,0.0,1176811.98
Coated Shells,UH0.2AS08,0.0,0.0
Coated Shells,UH0.2AS09,0.0,6520756.82
Coated Shells,UH0.2AS10,0.0,6078786.2
Coated Shells,UH0.2AS11,0.0,777791.1
Coated Shells,UH0.2AS12,0.0,1096749.48
Coated Shells,UH0.2AS13,0.0,1625634.08
Coated Shells,UH0.2AS14,0.0,1745884.88
Coated Shells,UH0.2MG06,0.0,0.0
Coated Shells,UH0.2MG07,0.0,698781.0
Coated Shells,UH0.2MG08,0.0,0.0
Coated Shells,UH0.2MG09,0.0,284329.83
Coated Shells,UH0.2MG10,0.0,1242060.0
Coated Shells,UH0.2MG11,0.0,0.0
Coated Shells,UH0.2MG13,0.0,0.0
Coated Shells,UH0.2RT05,0.0,198360.0
Coated Shells,UH0.2RT06,0.0,164160.0
Coated Shells,UH0.2RT09,0.0,204345.0
Coated Shells,UH0.3BRUSHAG14,0.0,0.0
Coated Shells,UHBRUSHARG05,0.0,5790.93
Coated Shells,UHBRUSHARG06,0.0,661130.07
Coated Shells,UHBRUSHARG07,0.0,88024.65
Coated Shells,UHBRUSHARG08,0.0,332875.09
Coated Shells,UHBRUSHARG09,0.0,56766.6
Coated Shells,UHBRUSHARG11,0.0,488652.77
Coated Shells,UHBRUSHARG13,0.0,0.0
Coated Shells,UHBRUSHARG14,0.0,22269.9
Coated Shells,UHRW0.3RTS09,312104.74,0.0
Others,UH0.2ACRMST05,113520.0,0.0
Others,UH0.2ACRMST06,11116.97,0.0
Others,UH0.2ACRMST07,13200.0,0.0
Others,UH0.2ACRMST08,76505.47,61741.26
Others,UH0.2ACRMST09,495.0,0.0
Others,UH0.2ACRMST10,89925.0,0.0
Others,UH0.2ACRMST11,25080.0,0.0
Others,UH0.2ACRMST13,3960.0,0.0
Others,UHACRPOLMSTS05,0.0,0.0
Others,UHACRPOLMSTS06,0.0,0.0
Others,UHACRPOLMSTS07,0.0,0.0
Others,UHACRPOLMSTS08,0.0,0.0
Others,UHACRPOLMSTS09,0.0,0.0
Others,UHACRPOLMSTS10,0.0,0.0
Others,UHACRPOLMSTS11,0.0,0.0
Others,UHACRPOLMSTS12,0.0,0.0
Others,UHACRPOLMSTS13,0.0,0.0
Others,UHACRPOLMSTS14,0.0,0.0
Others,UHAIRFGASS07-T1.62,0.0,3522.87
Others,UHALSHELLS05,0.0,0.0
Others,UHALSHELLS06,0.0,0.0
Others,UHALSHELLS08,0.0,0.0
Others,UHALSHELLS09,0.0,0.0
Others,UHALSHELLS10,0.0,0.0
Others,UHALSHELLS11,0.0,0.0
Others,UHALSHELLS12,0.0,0.0
Others,UHALSHELLS13,0.0,0.0
Others,UHALSHELLS14,0.0,0.0
Others,UHC3LGFGS05,3885.18,50507.28
Others,UHC3LGFGS08,3944.94,0.0
Others,UHC3LGFGS11,1296.09,1296.09
Others,UHC3LGFGS14,0.0,0.0
Others,UHC3LPFGS05,0.0,0.0
Others,UHC3LRFGS05,2478.5,0.0
Others,UHC3LRFGS06,0.0,0.0
Others,UHC3LRFGS07,0.0,0.0
Others,UHC3LRFGS08,0.0,6601.66
Others,UHC3LRFGS09,4082.41,0.0
Others,UHC3LRFGS10,0.0,0.0
Others,UHC3LRFGS11,226.27,452.53
Others,UHCH2.5FINISHS09,0.0,0.0
Others,UHCONSACETON,0.0,2367.38
Others,UHCONSACRVARNISH,7271.0,0.0
Others,UHCONSCLOTH,0.0,23760.0
Others,UHCONSCLSWAB,0.0,12744.88
Others,UHCONSDBRTL,0.0,27930.0
Others,UHCONSEARBUD,0.0,6467.83
Others,UHCONSEMR1000,0.0,12330.0
Others,UHCONSEMR1500,0.0,9000.0
Others,UHCONSEMR600,0.0,24498.0
Others,UHCONSFILTRCLOTH,0.0,15375.0
Others,UHCONSIPA,0.0,0.0
Others,UHCONSLOC495,0.0,30600.0
Others,UHCONSNTRLGLOV,0.0,104323.92
Others,UHCONSSICOMET,0.0,162710.0
Others,UHCONSSTPPINSML,0.0,4160.0
Others,UHCONSTAPE2BRWN,0.0,3836.82
Others,UHCONSTAPE2TRNS,0.0,999.07
Others,UHCONSTOOTPICK,0.0,6533.11
Others,UHCRYDIO32MH,0.0,0.0
Others,UHCXLWMCW52,0.0,0.0
Others,UHDEBONDGLUE,0.0,59040.0
Others,UHDUMSHELL-AA,0.0,87000.0
Others,UHLUXAGBASES09,0.0,0.0
Others,UHLUXAGBASES11,0.0,16200.0
Others,UHLUXAGBASES12,0.0,13500.0
Others,UHLUXASBASES05,0.0,0.0
Others,UHLUXASBASES06,0.0,0.0
Others,UHLUXASBASES07,0.0,0.0
Others,UHLUXASBASES08,0.0,0.0
Others,UHLUXASBASES09,0.0,0.0
Others,UHLUXASBASES10,0.0,0.0
Others,UHLUXASBASES11,0.0,0.0
Others,UHLUXASBASES12,0.0,0.0
Others,UHLUXASBASES13,0.0,0.0
Others,UHLUXASBASES14,0.0,0.0
Others,UHLUXCHTOPS05,19600.0,7840.0
Others,UHLUXCHTOPS06,0.0,3360.0
Others,UHLUXCHTOPS07,2800.0,4480.0
Others,UHLUXCHTOPS08,0.0,37660.0
Others,UHLUXCHTOPS09,0.0,44800.0
Others,UHLUXCHTOPS10,24640.0,16800.0
Others,UHLUXCHTOPS11,0.0,39760.0
Others,UHLUXCHTOPS12,0.0,96600.0
Others,UHLUXCHTOPS13,0.0,95480.0
Others,UHLUXCHTOPS14,0.0,3920.0
Others,UHLUXDIECUT,0.0,18168.0
Others,UHLUXRGBASES05,0.0,0.0
Others,UHLUXRGBASES06,0.0,0.0
Others,UHLUXRGBASES07,0.0,0.0
Others,UHLUXRGBASES08,0.0,0.0
Others,UHLUXRGBASES09,0.0,0.0
Others,UHLUXRGBASES10,0.0,0.0
Others,UHLUXRGBASES11,0.0,0.0
Others,UHLUXRGBASES12,0.0,0.0
Others,UHLUXRGBASES13,0.0,0.0
Others,UHLUXRGBASES14,0.0,0.0
Others,UHLUXRXCS05,26900.8,117.3
Others,UHLUXRXCS08,8386.95,0.0
Others,UHLUXRXCS09,0.0,10185.55
Others,UHLUXRXCS12,0.0,32257.5
Others,UHOODARESINBLK,0.0,589200.0
Others,UHRD01UFX7R,0.0,106805.57
Others,UHRD01X7S26,0.0,0.0
Others,UHRD022UF10,0.0,27606.15
Others,UHRD0733RLR,0.0,146.44
Others,UHRD13330KL,0.0,5091.0
Others,UHRD196AEC2,0.0,707.93
Others,UHRD1CIL270,0.0,2834823.52
Others,UHRD20ATCSF,0.0,2058.85
Others,UHRD2200PF5,0.0,8850.06
Others,UHRD22UFX51,0.0,281868.94
Others,UHRD2450AT1,0.0,248663.6
Others,UHRD25VDCX8,0.0,0.0
Others,UHRD2N2W04T,0.0,13799.36
Others,UHRD320CDX2,0.0,0.0
Others,UHRD330AEC2,0.0,0.0
Others,UHRD3330160,0.0,8904.0
Others,UHRD3N3BT20,0.0,250237.65
Others,UHRD40PSTCT,0.0,0.0
Others,UHRD499RSTR,0.0,28475.49
Others,UHRD578ETST,0.0,0.0
Others,UHRD66AUTVE,0.0,661.72
Others,UHRD8751001,0.0,0.0
Others,UHRD903004B,0.0,0.0
Others,UHRDAC0201F,0.0,8161.58
Others,UHRDAECQ200,0.0,34814.38
Others,UHRDAF0201F,0.0,0.0
Others,UHRDAMIC201,0.0,0.0
Others,UHRDBATT225,0.0,0.0
Others,UHRDBLMTN1D,0.0,64992.99
Others,UHRDBM29B06333,0.0,297322.25
Others,UHRDBTRYAO4,0.0,531936.3
Others,UHRDC0402TU,0.0,129663.72
Others,UHRDC1680AA,0.0,985.6
Others,UHRDC1H1R2W,0.0,14832.54
Others,UHRDCAPTR16,0.0,18625.72
Others,UHRDCGA50BE,0.0,116850.52
Others,UHRDCHRGR30,0.0,1116474.46
Others,UHRDCOGNPO1,0.0,95698.08
Others,UHRDCONNT39,0.0,0.0
Others,UHRDCPTX6S1,0.0,0.0
Others,UHRDCR0402P,0.0,4580.94
Others,UHRDDRV2605,0.0,0.0
Others,UHRDERJ1R0C,0.0,2280.0
Others,UHRDERJ200X,0.0,2902.53
Others,UHRDERJ343X,0.0,604.78
Others,UHRDERJXGNY,0.0,60919.5
Others,UHRDFLHNOR7,0.0,617120.02
Others,UHRDGNF103C,0.0,10945.61
Others,UHRDGNF62RC,0.0,0.0
Others,UHRDGNRLTOP,0.0,92944.36
Others,UHRDGRM188C,0.0,493278.24
Others,UHRDGRM225D,0.0,0.0
Others,UHRDGUJM0335,0.0,0.0
Others,UHRDINDRF15,0.0,24704.74
Others,UHRDJR071ML,0.0,3394.06
Others,UHRDJYLRA06,0.0,0.0
Others,UHRDJYRLYI1,0.0,616881.68
Others,UHRDKEMET2A,0.0,0.0
Others,UHRDLDLILED,0.0,0.0
Others,UHRDLOCTIT2,0.0,55646.63
Others,UHRDMAX17SE,0.0,0.0
Others,UHRDMAX2035,0.0,3137180.81
Others,UHRDMAX9835,0.0,0.0
Others,UHRDMAX983T,0.0,175306.84
Others,UHRDMCTP500,0.0,0.0
Others,UHRDMFTARY9,0.0,367824.24
Others,UHRDMJTP117,0.0,549.08
Others,UHRDMLYRCIP,0.0,168427.88
Others,UHRDMSASE06,0.0,4912.2
Others,UHRDMTYQ200,0.0,0.0
Others,UHRDNCP15XH,0.0,0.0
Others,UHRDNOATAPE,0.0,48484.2
Others,UHRDNSR05F4,0.0,0.0
Others,UHRDNTCG063,0.0,37383.45
Others,UHRDOTOLSOP,0.0,0.0
Others,UHRDPJA3431,0.0,0.0
Others,UHRDPRCR162,0.0,67211.98
Others,UHRDPVCTAPE,0.0,560.0
Others,UHRDPWR0603,0.0,0.0
Others,UHRDPWRICS1,0.0,249652.6
Others,UHRDRED624D,0.0,0.0
Others,UHRDRING162,0.0,0.0
Others,UHRDRINGC63,0.0,0.0
Others,UHRDRINGGAS,0.0,44800.0
Others,UHRDRINGP32,0.0,0.0
Others,UHRDRPCRXCLTDK,0.0,1456652.89
Others,UHRDRSTR105,0.0,6469.48
Others,UHRDSCHOFIC,0.0,1391.88
Others,UHRDSHDWRE2,0.0,9856.81
Others,UHRDSIT1552,0.0,0.0
Others,UHRDSIT32KC,0.0,1067923.68
Others,UHRDSMD0201,0.0,329099.5
Others,UHRDSMD10MS,0.0,0.0
Others,UHRDSMDOH52,0.0,0.0
Others,UHRDT7000BLK,0.0,7795.65
Others,UHRDTALETE1,0.0,28200.59
Others,UHRDTAPEYZR,0.0,7350.0
Others,UHRDTEMTRSR,0.0,2040050.88
Others,UHRDTL2203E,0.0,0.0
Others,UHRDTPS2260,0.0,689041.59
Others,UHRDTPS7A03,0.0,0.0
Others,UHRDUCTCRAM,0.0,0.0
Others,UHRDUMK105B,0.0,502177.49
Others,UHRDUMK107A,0.0,51403.17
Others,UHRDUMK107B,0.0,165.0
Others,UHRDUNIBALL,0.0,9257.61
Others,UHRDUSDMLR9,0.0,0.0
Others,UHRDWREBOXD,0.0,0.0
Others,UHRDWRLSICF,0.0,2170202.4
Others,UHRDWS2812B,0.0,64815.77
Others,UHRDXT60MAL,0.0,0.0
Others,UHRGBTR39MAH,0.0,2931174.0
Others,UHSTCELLOPEN1,0.0,0.0
Others,UHSTFACEMASK,0.0,18858.76
Others,UHSTNANFILE,0.0,360.8
Others,UHSTOHPMARKR,0.0,7794.63
Others,UHSTPERMARK,0.0,780.0
Others,UHSTSKMAR07,0.0,0.0
Others,UHSTWZ93302,0.0,0.0
Others,UHSTZIPLOCK3X4,0.0,22910.4
Others,W25Q128JVPIQ,0.0,0.0
Uncoated Shells,UH0.2BB05,0.0,0.0
Uncoated Shells,UH0.2BB09,0.0,155124.0
Uncoated Shells,UH0.2BB10,0.0,45756.0
Uncoated Shells,UH0.2MACHINS05,1715.0,493920.0
Uncoated Shells,UH0.2MACHINS06,0.0,566440.0
Uncoated Shells,UH0.2MACHINS07,0.0,562520.0
Uncoated Shells,UH0.2MACHINS08,0.0,183260.0
Uncoated Shells,UH0.2MACHINS09,1470.0,0.0
Uncoated Shells,UH0.2MACHINS10,0.0,0.0
Uncoated Shells,UH0.2MACHINS13,0.0,467460.0
Uncoated Shells,UH0.2MIRROR05,0.0,687940.0
Uncoated Shells,UH0.2MIRROR06,0.0,157319.99
Uncoated Shells,UH0.2MIRROR07,0.0,0.0
Uncoated Shells,UH0.2MIRROR08,0.0,861095.74
Uncoated Shells,UH0.2MIRROR09,0.0,0.0
Uncoated Shells,UH0.2MIRROR10,0.0,1703631.08
Uncoated Shells,UH0.2MIRROR11,0.0,404165.8
Uncoated Shells,UH0.2MIRROR13,0.0,83544.44
Uncoated Shells,UH0.2MIRROR14,0.0,593600.0
Uncoated Shells,UHR1AIRCVS05,0.0,335800.0
Uncoated Shells,UHR1AIRCVS06,0.0,1627900.0
Uncoated Shells,UHR1AIRCVS07,0.0,1845075.0
Uncoated Shells,UHR1AIRCVS08,0.0,3270400.0
Uncoated Shells,UHR1AIRCVS10,0.0,5759700.0
Uncoated Shells,UHR1AIRCVS11,0.0,4000400.0
Uncoated Shells,UHR1AIRCVS12,0.0,2385275.0
Uncoated Shells,UHR1AIRCVS13,0.0,874175.0
Uncoated Shells,UHR1AIRCVS14,0.0,388725.0
Uncoated Shells,UHRW0.2BBS06,0.0,2181406.1
Uncoated Shells,UHRW0.2BBS07,0.0,957274.34
Uncoated Shells,UHRW0.2BBS08,0.0,4632297.76
Uncoated Shells,UHRW0.2BBS09,0.0,1143600.64
Uncoated Shells,UHRW0.2BBS10,0.0,439010.55
R&D / DC Charger,UH0.47UFCAPTOR ,0.0,42929.76
R&D / DC Charger,UH196KRESTOR,0.0,9740.34
R&D / DC Charger,UH1UF5CAPTOR,0.0,143640.0
R&D / DC Charger,UH2000PF0603,0.0,80809.26
R&D / DC Charger,UH300KRESTOR,0.0,4329.12
R&D / DC Charger,UH4.99KRESTOR,0.0,60000.0
R&D / DC Charger,UH50MASWITCH,0.0,927940.0
R&D / DC Charger,UH50VCAPACTOR,0.0,28139.02
R&D / DC Charger,UH66.5KRESTOR,0.0,9740.34
R&D / DC Charger,UHANTNE2.4HZBT,0.0,380236.45
R&D / DC Charger,UHCAPACTOR1UF,0.0,474754.56
R&D / DC Charger,UHCAPTOR022UF,0.0,16414.32
R&D / DC Charger,UHCAPTOR1000PF,0.0,18759.26
R&D / DC Charger,UHRDDRV5032,0.0,76052.34
R&D / DC Charger,UHRDEXP28SO,0.0,0.0
R&D / DC Charger,UHRDTPS7230,0.0,0.0
DC Charger,UH100KRESTOR,0.0,31926.67
DC Charger,UH10KRESTOR,0.0,4329.06
DC Charger,UH120OHMSAMC,0.0,37728.0
DC Charger,UH20KRESTOR,0.0,133930.53
DC Charger,UH20KRESTORS,0.0,3787.92
DC Charger,UH220KRESTOR,0.0,48702.06
DC Charger,UH3.3KRESTORS,0.0,1893.99
DC Charger,UH330HMSBEAD,0.0,91992.78
DC Charger,UH3PWIREHEADR,0.0,67461.27
DC Charger,UH3PWTB78171,0.0,274174.24
DC Charger,UH47NFVCAPTOR,0.0,15151.68
DC Charger,UH634KRESTOR,0.0,9740.34
DC Charger,UHCAPTOR680PF,0.0,82071.86
DC Charger,UHDCPOGOPIN,0.0,2783.2
DC Charger,UHRD06UHQ2B,0.0,19646.88
DC Charger,UHRD06UHQ2N,0.0,0.0
DC Charger,UHRD2RKF62R,0.0,6198.4
DC Charger,UHRD3PWTB78,0.0,0.0
DC Charger,UHRD7817203,0.0,0.0
DC Charger,UHRDAF0201J,0.0,13362.54
DC Charger,UHRDH3R6WB1,0.0,18043.21
DC Charger,UHRDRT0402L,0.0,10111.14
DC Charger,UHRDT285525,0.0,33074.29
DC Charger,UHRDTPS7A02,0.0,71635.4
DC Charger,UHS20KRESTOR,0.0,5681.9
DC Charger,UHSMD3.6PF50V,0.0,35714.88
Ring Active Components,UHACCSTM6DSO,0.0,15784221.89
Ring Active Components,UHARTITMPSN,0.0,0.0
Ring Active Components,UHICHANA4124,0.0,1218483.16
Ring Active Components,UHICHNRF5284,0.0,0.0
Ring Active Components,UHICHSTM3117,0.0,1443991.97
Ring Active Components,UHOPSANA61EF,0.0,5315941.6
Ring Active Components,UHRINGECS320,0.0,6008268.74
Ring Active Components,UHSENSMLX36V,0.0,0.0
Ring Active Components,UNICHTEX7A02,0.0,27830.33
Air Ring / Air Shell,UHAIRBEADBS05,0.0,0.0
Air Ring / Air Shell,UHAIRBEADBS06,0.0,0.0
Air Ring / Air Shell,UHAIRBEADBS07,0.0,0.0
Air Ring / Air Shell,UHAIRBEADBS08,0.0,0.0
Air Ring / Air Shell,UHAIRBEADBS09,0.0,0.0
Air Ring / Air Shell,UHAIRBEADBS10,0.0,0.0
Air Ring / Air Shell,UHAIRBEADBS11,0.0,0.0
Air Ring / Air Shell,UHAIRBEADBS12,0.0,0.0
Air Ring / Air Shell,UHAIRBEADBS13,0.0,0.0
Air Ring / Air Shell,UHAIRBEADBS14,0.0,0.0
Air Ring / Air Shell,UHAIRMACSHL05,0.0,0.0
Air Ring / Air Shell,UHAIRMACSHL06,0.0,0.0
Air Ring / Air Shell,UHAIRMACSHL07,99960.0,0.0
Air Ring / Air Shell,UHAIRMACSHL08,212415.0,2256940.0
Air Ring / Air Shell,UHAIRMACSHL09,0.0,0.0
Air Ring / Air Shell,UHAIRMACSHL10,2940.0,0.0
Air Ring / Air Shell,UHAIRMACSHL11,1960.0,0.0
Air Ring / Air Shell,UHAIRMACSHL12,10290.0,0.0
Air Ring / Air Shell,UHAIRMACSHL14,7105.0,0.0
Air Ring / Air Shell,UHAIRMIRSHEL06,0.0,0.0
Air Ring / Air Shell,UHAIRMIRSHEL08,0.0,0.0
Air Ring / Air Shell,UHAIRMIRSHEL14,0.0,1263805.26
Air Ring / Air Ring FG and Charger,UHAIRFGAAO05,26167.39,0.0
Air Ring / Air Ring FG and Charger,UHAIRFGAAO05-T1.62,0.0,80661.38
Air Ring / Air Ring FG and Charger,UHAIRFGAAO06,180154.66,54386.31
Air Ring / Air Ring FG and Charger,UHAIRFGAAO06-T1.62,0.0,34796.94
Air Ring / Air Ring FG and Charger,UHAIRFGAAO07,187011.72,40802.56
Air Ring / Air Ring FG and Charger,UHAIRFGAAO07-T1.62,0.0,113466.2
Air Ring / Air Ring FG and Charger,UHAIRFGAAO08,159911.63,215533.07
Air Ring / Air Ring FG and Charger,UHAIRFGAAO08-T1.62,55140.53,1672595.97
Air Ring / Air Ring FG and Charger,UHAIRFGAAO09,482723.37,7204.83
Air Ring / Air Ring FG and Charger,UHAIRFGAAO09-T1.62,172900.87,372697.44
Air Ring / Air Ring FG and Charger,UHAIRFGAAO10,134376.93,406762.61
Air Ring / Air Ring FG and Charger,UHAIRFGAAO10-T1.62,0.0,1776639.0
Air Ring / Air Ring FG and Charger,UHAIRFGAAO11,43936.11,168421.76
Air Ring / Air Ring FG and Charger,UHAIRFGAAO11-T1.62,0.0,566784.69
Air Ring / Air Ring FG and Charger,UHAIRFGAAO12,10681.76,174468.82
Air Ring / Air Ring FG and Charger,UHAIRFGAAO13,32999.14,142996.26
Air Ring / Air Ring FG and Charger,UHAIRFGAAO13-T1.62,0.0,130912.35
Air Ring / Air Ring FG and Charger,UHAIRFGAAS05,17645.58,0.0
Air Ring / Air Ring FG and Charger,UHAIRFGAAS05-T1.62,0.0,434536.33
Air Ring / Air Ring FG and Charger,UHAIRFGAAS06,76730.76,362727.25
Air Ring / Air Ring FG and Charger,UHAIRFGAAS06-T1.62,0.0,486087.09
Air Ring / Air Ring FG and Charger,UHAIRFGAAS07,122340.42,160790.27
Air Ring / Air Ring FG and Charger,UHAIRFGAAS07-T1.62,0.0,719214.8
Air Ring / Air Ring FG and Charger,UHAIRFGAAS08,405899.76,1350666.45
Air Ring / Air Ring FG and Charger,UHAIRFGAAS08-T1.62,0.0,402199.32
Air Ring / Air Ring FG and Charger,UHAIRFGAAS09,112162.4,180139.61
Air Ring / Air Ring FG and Charger,UHAIRFGAAS09-T1.62,0.0,2586119.9
Air Ring / Air Ring FG and Charger,UHAIRFGAAS10,208548.35,0.0
Air Ring / Air Ring FG and Charger,UHAIRFGAAS10-T1.62,0.0,22849.28
Air Ring / Air Ring FG and Charger,UHAIRFGAAS11,238480.18,405772.24
Air Ring / Air Ring FG and Charger,UHAIRFGAAS11-T1.62,0.0,1703944.49
Air Ring / Air Ring FG and Charger,UHAIRFGAAS12,283928.59,0.0
Air Ring / Air Ring FG and Charger,UHAIRFGAAS12-T1.62,0.0,1596083.0
Air Ring / Air Ring FG and Charger,UHAIRFGAAS13,84584.64,0.0
Air Ring / Air Ring FG and Charger,UHAIRFGAAS13-T1.62,0.0,7585.96
Air Ring / Air Ring FG and Charger,UHAIRFGAAS14,35688.38,49963.73
Air Ring / Air Ring FG and Charger,UHAIRFGAGO05,471591.27,3368.51
Air Ring / Air Ring FG and Charger,UHAIRFGAGO06,2077295.07,705876.96
Air Ring / Air Ring FG and Charger,UHAIRFGAGO06-T1.62,10535.39,979790.97
Air Ring / Air Ring FG and Charger,UHAIRFGAGO07,2933091.36,3466979.9
Air Ring / Air Ring FG and Charger,UHAIRFGAGO07-T1.61,36546.89,225926.24
Air Ring / Air Ring FG and Charger,UHAIRFGAGO07-T1.62,7377.8,2257605.36
Air Ring / Air Ring FG and Charger,UHAIRFGAGO08,985749.45,6097419.27
Air Ring / Air Ring FG and Charger,UHAIRFGAGO08-T1.61,0.0,13418.51
Air Ring / Air Ring FG and Charger,UHAIRFGAGO08-T1.62,7266.26,3182620.34
Air Ring / Air Ring FG and Charger,UHAIRFGAGO09,1625935.42,883224.18
Air Ring / Air Ring FG and Charger,UHAIRFGAGO09-T1.62,11206.12,2342078.61
Air Ring / Air Ring FG and Charger,UHAIRFGAGO10,29480.94,3873058.88
Air Ring / Air Ring FG and Charger,UHAIRFGAGO10-T1.61,0.0,139515.17
Air Ring / Air Ring FG and Charger,UHAIRFGAGO10-T1.62,0.0,177380.51
Air Ring / Air Ring FG and Charger,UHAIRFGAGS05,1167080.33,13187.35
Air Ring / Air Ring FG and Charger,UHAIRFGAGS06,4294941.32,2320970.57
Air Ring / Air Ring FG and Charger,UHAIRFGAGS06-T1.62,0.0,2066097.58
Air Ring / Air Ring FG and Charger,UHAIRFGAGS07,7259744.41,267270.85
Air Ring / Air Ring FG and Charger,UHAIRFGAGS07-T1.62,0.0,7053004.3
Air Ring / Air Ring FG and Charger,UHAIRFGAGS08,11061217.94,34439.12
Air Ring / Air Ring FG and Charger,UHAIRFGAGS08-T1.62,0.0,4436267.96
Air Ring / Air Ring FG and Charger,UHAIRFGAGS09,1664368.96,3511.33
Air Ring / Air Ring FG and Charger,UHAIRFGAGS09-T1.62,0.0,247690.86
Air Ring / Air Ring FG and Charger,UHAIRFGAGS10,1580078.7,0.0
Air Ring / Air Ring FG and Charger,UHAIRFGAGS11,678786.08,33939.3
Air Ring / Air Ring FG and Charger,UHAIRFGAGS11-T1.62,0.0,77939.61
Air Ring / Air Ring FG and Charger,UHAIRFGAGS12,676489.26,3382.45
Air Ring / Air Ring FG and Charger,UHAIRFGAGS12-T1.62,0.0,73492.4
Air Ring / Air Ring FG and Charger,UHAIRFGAGS13,389326.36,14029.78
Air Ring / Air Ring FG and Charger,UHAIRFGAGS14,24706.41,0.0
Air Ring / Air Ring FG and Charger,UHAIRFGAGS14-T1.62,0.0,78792.42
Air Ring / Air Ring FG and Charger,UHAIRFGASO05,76935.0,0.0
Air Ring / Air Ring FG and Charger,UHAIRFGASO06,315786.23,753812.3
Air Ring / Air Ring FG and Charger,UHAIRFGASO06-T1.62,0.0,284570.53
Air Ring / Air Ring FG and Charger,UHAIRFGASO07,1403541.83,1374898.12
Air Ring / Air Ring FG and Charger,UHAIRFGASO07-T1.61,6508.49,471865.38
Air Ring / Air Ring FG and Charger,UHAIRFGASO07-T1.62,0.0,751453.53
Air Ring / Air Ring FG and Charger,UHAIRFGASO08,361785.27,12806.56
Air Ring / Air Ring FG and Charger,UHAIRFGASO08-T1.61,0.0,163897.14
Air Ring / Air Ring FG and Charger,UHAIRFGASO08-T1.62,0.0,533417.02
Air Ring / Air Ring FG and Charger,UHAIRFGASO09,223659.33,646515.25
Air Ring / Air Ring FG and Charger,UHAIRFGASO09-T1.61,0.0,752147.11
Air Ring / Air Ring FG and Charger,UHAIRFGASO09-T1.62,120448.28,1438079.5
Air Ring / Air Ring FG and Charger,UHAIRFGASO10,49535.17,0.0
Air Ring / Air Ring FG and Charger,UHAIRFGASO10-T1.62,0.0,400041.79
Air Ring / Air Ring FG and Charger,UHAIRFGASO11,0.0,0.0
Air Ring / Air Ring FG and Charger,UHAIRFGASO12,0.0,0.0
Air Ring / Air Ring FG and Charger,UHAIRFGASO13,0.0,374520.96
Air Ring / Air Ring FG and Charger,UHAIRFGASO13-T1.62,0.0,92106.0
Air Ring / Air Ring FG and Charger,UHAIRFGASO14,0.0,0.0
Air Ring / Air Ring FG and Charger,UHAIRFGASS05,256508.56,14942.25
Air Ring / Air Ring FG and Charger,UHAIRFGASS05-T1.62,0.0,625504.75
Air Ring / Air Ring FG and Charger,UHAIRFGASS06,1639905.76,0.0
Air Ring / Air Ring FG and Charger,UHAIRFGASS06-T1.62,29477.11,252193.09
Air Ring / Air Ring FG and Charger,UHAIRFGASS07,3106692.32,156936.0
Air Ring / Air Ring FG and Charger,UHAIRFGASS08,3310470.77,0.0
Air Ring / Air Ring FG and Charger,UHAIRFGASS09,1692139.13,0.0
Air Ring / Air Ring FG and Charger,UHAIRFGASS09-T1.62,0.0,95820.03
Air Ring / Air Ring FG and Charger,UHAIRFGASS10,1585370.51,13785.83
Air Ring / Air Ring FG and Charger,UHAIRFGASS10-T1.62,0.0,263522.8
Air Ring / Air Ring FG and Charger,UHAIRFGASS11,401866.12,171737.66
Air Ring / Air Ring FG and Charger,UHAIRFGASS11-T1.62,0.0,155063.68
Air Ring / Air Ring FG and Charger,UHAIRFGASS12,354740.61,41329.0
Air Ring / Air Ring FG and Charger,UHAIRFGASS12-T1.62,0.0,237263.06
Air Ring / Air Ring FG and Charger,UHAIRFGASS13,124681.44,0.0
Air Ring / Air Ring FG and Charger,UHAIRFGASS14,0.0,53907.32
Air Ring / Air Ring FG and Charger,UHAIRFGASS14-T1.62,0.0,124369.41
Air Ring / Air Ring FG and Charger,UHAIRFGBRGO05,214380.88,6496.39
Air Ring / Air Ring FG and Charger,UHAIRFGBRGO05-T1.62,0.0,923236.22
Air Ring / Air Ring FG and Charger,UHAIRFGBRGO06,229239.46,0.0
Air Ring / Air Ring FG and Charger,UHAIRFGBRGO06-T1.62,0.0,1815976.92
Air Ring / Air Ring FG and Charger,UHAIRFGBRGO07,787105.17,35195.76
Air Ring / Air Ring FG and Charger,UHAIRFGBRGO07-T1.62,0.0,2985220.82
Air Ring / Air Ring FG and Charger,UHAIRFGBRGO08,530351.17,0.0
Air Ring / Air Ring FG and Charger,UHAIRFGBRGO08-T1.62,0.0,1408807.92
Air Ring / Air Ring FG and Charger,UHAIRFGBRGO09,204241.9,187770.78
Air Ring / Air Ring FG and Charger,UHAIRFGBRGO09-T1.62,0.0,1108938.43
Air Ring / Air Ring FG and Charger,UHAIRFGBRGO10,13899.57,1362158.3
Air Ring / Air Ring FG and Charger,UHAIRFGBRGO10-T1.62,0.0,124108.15
Air Ring / Air Ring FG and Charger,UHAIRFGBRGO11,7696.48,1724012.27
Air Ring / Air Ring FG and Charger,UHAIRFGBRGO11-T1.62,0.0,3954.62
Air Ring / Air Ring FG and Charger,UHAIRFGBRGO12,3283.92,0.0
Air Ring / Air Ring FG and Charger,UHAIRFGBRGO12-T1.62,0.0,791182.94
Air Ring / Air Ring FG and Charger,UHAIRFGBRGO13,15174.91,201067.5
Air Ring / Air Ring FG and Charger,UHAIRFGBRGO13-T1.62,0.0,66921.83
Air Ring / Air Ring FG and Charger,UHAIRFGBRGO14,3856.4,65558.88
Air Ring / Air Ring FG and Charger,UHAIRFGMGO06,0.0,0.0
Air Ring / Air Ring FG and Charger,UHAIRFGMGO07,0.0,34681.44
Air Ring / Air Ring FG and Charger,UHAIRFGMGO08,71987.14,241000.43
Air Ring / Air Ring FG and Charger,UHAIRFGMGO08-T1.62,0.0,714817.12
Air Ring / Air Ring FG and Charger,UHAIRFGMGO09,20775.25,623257.36
Air Ring / Air Ring FG and Charger,UHAIRFGMGO09-T1.61,0.0,160862.79
Air Ring / Air Ring FG and Charger,UHAIRFGMGO09-T1.62,6931.61,2374075.18
Air Ring / Air Ring FG and Charger,UHAIRFGMGO10,0.0,44187.43
Air Ring / Air Ring FG and Charger,UHAIRFGMGO10-T1.61,0.0,1978197.54
Air Ring / Air Ring FG and Charger,UHAIRFGMGO10-T1.62,0.0,1025703.5
Air Ring / Air Ring FG and Charger,UHAIRFGMGO11-T1.61,0.0,103013.97
Air Ring / Air Ring FG and Charger,UHAIRFGMGO11-T1.62,0.0,93533.99
Air Ring / Air Ring FG and Charger,UHAIRFGMGO12-T1.61,0.0,352414.64
Air Ring / Air Ring FG and Charger,UHAIRFGMGO12-T1.62,0.0,247501.34
Air Ring / Air Ring FG and Charger,UHAIRFGMGO13-T1.62,0.0,268958.63
Air Ring / Air Ring FG and Charger,UHAIRFGMGS05,351694.48,32564.3
Air Ring / Air Ring FG and Charger,UHAIRFGMGS05-T1.62,0.0,99702.37
Air Ring / Air Ring FG and Charger,UHAIRFGMGS06,268631.16,23215.04
Air Ring / Air Ring FG and Charger,UHAIRFGMGS06-T1.62,0.0,87495.9
Air Ring / Air Ring FG and Charger,UHAIRFGMGS07,907427.59,32524.29
Air Ring / Air Ring FG and Charger,UHAIRFGMGS07-T1.62,0.0,170512.3
Air Ring / Air Ring FG and Charger,UHAIRFGMGS08,1606636.86,6337.82
Air Ring / Air Ring FG and Charger,UHAIRFGMGS08-T1.62,6966.88,3190829.12
Air Ring / Air Ring FG and Charger,UHAIRFGMGS09,710904.48,10059.97
Air Ring / Air Ring FG and Charger,UHAIRFGMGS09-T1.62,0.0,445331.07
Air Ring / Air Ring FG and Charger,UHAIRFGMGS10,488420.51,336614.14
Air Ring / Air Ring FG and Charger,UHAIRFGMGS11,514789.37,36068.04
Air Ring / Air Ring FG and Charger,UHAIRFGMGS11-T1.62,0.0,1509582.41
Air Ring / Air Ring FG and Charger,UHAIRFGMGS12,155462.34,22671.59
Air Ring / Air Ring FG and Charger,UHAIRFGMGS12-T1.62,0.0,493845.19
Air Ring / Air Ring FG and Charger,UHAIRFGMGS13,56962.78,6701.5
Air Ring / Air Ring FG and Charger,UHAIRFGMGS14,56317.51,33127.95
Air Ring / Air Ring FG and Charger,UHAIRFGRTC05,0.0,0.0
Air Ring / Air Ring FG and Charger,UHAIRFGRTC06,0.0,0.0
Air Ring / Air Ring FG and Charger,UHAIRFGRTC07,0.0,0.0
Air Ring / Air Ring FG and Charger,UHAIRFGRTC08,0.0,0.0
Air Ring / Air Ring FG and Charger,UHAIRFGRTC09,0.0,111898.55
Air Ring / Air Ring FG and Charger,UHAIRFGRTC10,0.0,0.0
Air Ring / Air Ring FG and Charger,UHAIRFGRTC11,0.0,64703.82
Air Ring / Air Ring FG and Charger,UHAIRFGRTC12,0.0,6952.23
Air Ring / Air Ring FG and Charger,UHAIRFGRTC13,0.0,7253.82
Air Ring / Air Ring FG and Charger,UHAIRFGRTC14,0.0,7197.12
Air Ring / Air Ring FG and Charger,UHAIRFGRTO08,0.0,352999.88
Air Ring / Air Ring FG and Charger,UHAIRFGRTO08-T1.61,0.0,1501006.98
Air Ring / Air Ring FG and Charger,UHAIRFGRTO08-T1.62,0.0,20458.01
Air Ring / Air Ring FG and Charger,UHAIRFGRTO09,0.0,291652.79
Air Ring / Air Ring FG and Charger,UHAIRFGRTO09-T1.61,0.0,6397.56
Air Ring / Air Ring FG and Charger,UHAIRFGRTO09-T1.62,16461.3,7427339.17
Air Ring / Air Ring FG and Charger,UHAIRFGRTO10,0.0,152552.23
Air Ring / Air Ring FG and Charger,UHAIRFGRTO10-T1.62,0.0,33419.7
Air Ring / Air Ring FG and Charger,UHAIRFGRTO11-T1.61,0.0,6185.77
Air Ring / Air Ring FG and Charger,UHAIRFGRTO11-T1.62,0.0,694655.34
Air Ring / Air Ring FG and Charger,UHAIRFGRTO13-T1.62,0.0,523195.89
Air Ring / Air Ring FG and Charger,UHAIRFGRTS05,129669.31,108057.76
Air Ring / Air Ring FG and Charger,UHAIRFGRTS06,427129.33,6101.85
Air Ring / Air Ring FG and Charger,UHAIRFGRTS07,272434.34,11975.14
Air Ring / Air Ring FG and Charger,UHAIRFGRTS08,808952.42,0.0
Air Ring / Air Ring FG and Charger,UHAIRFGRTS08(RW)-1.62V,0.0,3863390.31
Air Ring / Air Ring FG and Charger,UHAIRFGRTS08-T1.62,0.0,9212695.66
Air Ring / Air Ring FG and Charger,UHAIRFGRTS09,832178.5,300335.1
Air Ring / Air Ring FG and Charger,UHAIRFGRTS09(RW),0.0,300781.49
Air Ring / Air Ring FG and Charger,UHAIRFGRTS09(RW)-1.62V,0.0,14988.4
Air Ring / Air Ring FG and Charger,UHAIRFGRTS09-T1.62,0.0,7838518.71
Air Ring / Air Ring FG and Charger,UHAIRFGRTS10,1620761.22,507261.14
Air Ring / Air Ring FG and Charger,UHAIRFGRTS10-T1.62,0.0,2747802.32
Air Ring / Air Ring FG and Charger,UHAIRFGRTS11,74530.95,173905.55
Air Ring / Air Ring FG and Charger,UHAIRFGRTS11-T1.62,0.0,2187799.52
Air Ring / Air Ring FG and Charger,UHAIRFGRTS12,177337.18,938274.92
Air Ring / Air Ring FG and Charger,UHAIRFGRTS12-T1.62,0.0,966595.07
Air Ring / Air Ring FG and Charger,UHAIRFGRTS13,63081.63,66401.71
Air Ring / Air Ring FG and Charger,UHAIRFGRTS13-T1.62,0.0,225244.56
Air Ring / Air Ring FG and Charger,UHAIRFGRTS14,71683.78,0.0
Air Ring / Air Ring FG and Charger,UHAIRFGRTS14-T1.62,0.0,163609.94
Air Ring / Air Ring FG and Charger (Rare),UHAIRFGLGS05,0.0,0.0
Air Ring / Air Ring FG and Charger (Rare),UHAIRFGLGS06,0.0,0.0
Air Ring / Air Ring FG and Charger (Rare),UHAIRFGLGS08,0.0,0.0
Air Ring / Air Ring FG and Charger (Rare),UHAIRFGLGS09,0.0,0.0
Air Ring / Air Ring FG and Charger (Rare),UHAIRFGLGS10,0.0,0.0
Air Ring / Air Ring FG and Charger (Rare),UHAIRFGLGS11,0.0,0.0
Air Ring / Air Ring FG and Charger (Rare),UHAIRFGLGS12,0.0,0.0
Air Ring / Air Ring FG and Charger (Rare),UHAIRFGLGS13,0.0,0.0
Air Ring / Air Ring FG and Charger (Rare),UHAIRFGLGS14,0.0,0.0
Air Ring / Air Ring FG and Charger (Rare),UHAIRFGLPS05,0.0,0.0
Air Ring / Air Ring FG and Charger (Rare),UHAIRFGLPS06,0.0,0.0
Air Ring / Air Ring FG and Charger (Rare),UHAIRFGLPS08,0.0,0.0
Air Ring / Air Ring FG and Charger (Rare),UHAIRFGLPS09,0.0,0.0
Air Ring / Air Ring FG and Charger (Rare),UHAIRFGLPS11,0.0,0.0
Air Ring / Air Ring FG and Charger (Rare),UHAIRFGLPS13,0.0,0.0
Air Ring / Air Ring FG and Charger (Rare),UHAIRFGLRS05,0.0,0.0
Air Ring / Air Ring FG and Charger (Rare),UHAIRFGLRS07,0.0,0.0
Air Ring / Air Ring FG and Charger (Rare),UHAIRFGLRS08,0.0,0.0
Air Ring / Air Ring FG and Charger (Rare),UHAIRFGLRS09,0.0,0.0
Air Ring / Air Ring FG and Charger (Rare),UHAIRFGLRS11,0.0,0.0
Air Ring / Air Ring FG and Charger (Rare),UHAIRFGLRS13,0.0,0.0
Air Ring / Air Ring FG and Charger (Rare),UHAIRFGLRS14,0.0,0.0
Air Ring / Air Coated shells,UHAIRG0LDS05,0.0,119074.96
Air Ring / Air Coated shells,UHAIRG0LDS06,0.0,62484.88
Air Ring / Air Coated shells,UHAIRG0LDS07,0.0,172128.16
Air Ring / Air Coated shells,UHAIRG0LDS09,0.0,25937.12
Air Ring / Air Coated shells,UHAIRG0LDS10,0.0,54167.1
Air Ring / Air Coated shells,UHAIRG0LDS11,0.0,3565306.3
Air Ring / Air Coated shells,UHAIRG0LDS12,0.0,929174.1
Air Ring / Air Coated shells,UHAIRG0LDS13,0.0,365280.7
Air Ring / Air Coated shells,UHAIRG0LDS14,0.0,1037508.3
Air Ring / Air Coated shells,UHAIRSILVS05,0.0,23401.56
Air Ring / Air Coated shells,UHAIRSILVS06,0.0,0.0
Air Ring / Air Coated shells,UHAIRSILVS07,0.0,0.0
Air Ring / Air Coated shells,UHAIRSILVS08,0.0,12257.96
Air Ring / Air Coated shells,UHAIRSILVS10,0.0,13243.0
Air Ring / Air Coated shells,UHAIRSILVS11,0.0,15891.6
Air Ring / Air Coated shells,UHAIRSILVS12,0.0,13243.0
Air Ring / Air Coated shells,UHAIRSILVS13,0.0,5297.2
Air Ring / Air Coated shells,UHAIRSILVS14,0.0,660825.7
Air Ring / Air Coated shells,UHRW0.3MGS05,11752.72,0.0
Air Ring / Air Coated shells,UHRW0.3MGS06,83948.0,0.0
Air Ring / Air Coated shells,UHRW0.3MGS07,38731.08,2215249.38
Air Ring / Air Coated shells,UHRW0.3MGS09,200.0,0.0
Air Ring / Air Coated shells,UHRW0.3MGS10,2200.0,267000.0
Air Ring / Air Coated shells,UHRW0.3MGS11,4000.0,0.0
Air Ring / Air Coated shells,UHRW0.3MGS12,5800.0,0.0
Air Ring / Air Coated shells,UHRW0.3MGS13,8400.0,0.0
Air Ring / Air Coated shells,UHRW0.3MGS14,600.0,0.0
Air Ring / Air Coated shells,UHTIJWAABS05,0.0,561841.64
Air Ring / Air Coated shells,UHTIJWAABS06,0.0,344106.91
Air Ring / Air Coated shells,UHTIJWAABS07,0.0,0.0
Air Ring / Air Coated shells,UHTIJWAABS08,0.0,0.0
Air Ring / Air Coated shells,UHTIJWAABS09,0.0,0.0
Air Ring / Air Coated shells,UHTIJWAABS10,0.0,0.0
Air Ring / Air Coated shells,UHTIJWAABS11,0.0,103854.54
Air Ring / Air Coated shells,UHTIJWAABS12,0.0,0.0
Air Ring / Air Coated shells,UHTIJWAABS13,0.0,0.0
Air Ring / Air Coated shells,UHTIJWAABS14,0.0,237632.0
Air Ring / Air Coated shells,UHTIJWMGLS05,0.0,291444.0
Air Ring / Air Coated shells,UHTIJWMGLS06,0.0,1066020.0
Air Ring / Air Coated shells,UHTIJWMGLS07,0.0,48411.0
Air Ring / Air Coated shells,UHTIJWMGLS08,0.0,1768138.16
Air Ring / Air Coated shells,UHTIJWMGLS09,0.0,13203.0
Air Ring / Air Coated shells,UHTIJWMGLS10,0.0,4401.0
Air Ring / Air Coated shells,UHTIJWMGLS11,0.0,0.0
Air Ring / Air Coated shells,UHTIJWMGLS12,0.0,190942.83
Air Ring / Air Coated shells,UHTIJWMGLS14,0.0,1201295.6
Air Ring / Air Coated shells,UHTIJWRTLS05,0.0,69540.0
Air Ring / Air Coated shells,UHTIJWRTLS06,0.0,260205.0
Air Ring / Air Coated shells,UHTIJWRTLS07,0.0,653220.0
Air Ring / Air Coated shells,UHTIJWRTLS08,0.0,0.0
Air Ring / Air Coated shells,UHTIJWRTLS09,0.0,0.0
Air Ring / Air Coated shells,UHTIJWRTLS13,0.0,0.0
Metal Master,UHALCASTEDSHLS05,16717.0,0.0
Metal Master,UHALCASTEDSHLS09,27709.0,0.0
Metal Master,UHALCASTEDSHLS11,21068.0,0.0
Metal Master,UHALCASTEDSHLS13,20610.0,0.0
Metal Master,UHALCASTEDSHLS14,18549.0,0.0
Metal Master,UHMMSSBUFS05,7380.0,0.0
Metal Master,UHMMSSBUFS08,7200.0,0.0
Metal Master,UHMMSSBUFS10,1800.0,0.0
Consumables,UHANABND777,0.0,100.0
Consumables,UHBANIANGLOVE,0.0,16185.0
Consumables,UHCONATOP3P,0.0,370.0
Consumables,UHRDELECT20,0.0,480.0
Consumables,UHRDPENCLWH,0.0,776.25
Consumables,UHRDPOSCAWI,0.0,4022.3
Consumables,UHRDSHOPEER,0.0,166.96
Consumables,UHRDVADABAI,0.0,9615.65
Consumables,UHWTPRFGLUE,0.0,480.0
Air Ring / Air Ring Sub FG - Assembly,UHASYFGAAO06,24763.54,0.0
Air Ring / Air Ring Sub FG - Assembly,UHASYFGAAO07,26703.44,0.0
Air Ring / Air Ring Sub FG - Assembly,UHASYFGAAO08,2525.98,0.0
Air Ring / Air Ring Sub FG - Assembly,UHASYFGAAO09,73550.26,0.0
Air Ring / Air Ring Sub FG - Assembly,UHASYFGAAO10,85293.75,0.0
Air Ring / Air Ring Sub FG - Assembly,UHASYFGAAO11,25297.95,0.0
Air Ring / Air Ring Sub FG - Assembly,UHASYFGAAO13,0.0,0.0
Air Ring / Air Ring Sub FG - Assembly,UHASYFGAAS05,4987.36,0.0
Air Ring / Air Ring Sub FG - Assembly,UHASYFGAAS06,42492.97,0.0
Air Ring / Air Ring Sub FG - Assembly,UHASYFGAAS07,74030.54,0.0
Air Ring / Air Ring Sub FG - Assembly,UHASYFGAAS08,32291.69,0.0
Air Ring / Air Ring Sub FG - Assembly,UHASYFGAAS09,89876.55,0.0
Air Ring / Air Ring Sub FG - Assembly,UHASYFGAAS10,59560.03,0.0
Air Ring / Air Ring Sub FG - Assembly,UHASYFGAAS11,196232.96,0.0
Air Ring / Air Ring Sub FG - Assembly,UHASYFGAAS12,79949.89,0.0
Air Ring / Air Ring Sub FG - Assembly,UHASYFGAAS13,17658.24,0.0
Air Ring / Air Ring Sub FG - Assembly,UHASYFGAAS14,7296.38,0.0
Air Ring / Air Ring Sub FG - Assembly,UHASYFGAGO05,25525.73,0.0
Air Ring / Air Ring Sub FG - Assembly,UHASYFGAGO06,30346.7,0.0
Air Ring / Air Ring Sub FG - Assembly,UHASYFGAGO07,23213.91,11606.96
Air Ring / Air Ring Sub FG - Assembly,UHASYFGAGO08,16231.94,0.0
Air Ring / Air Ring Sub FG - Assembly,UHASYFGAGO09,25407.54,4619.55
Air Ring / Air Ring Sub FG - Assembly,UHASYFGAGO10,0.0,9695.16
Air Ring / Air Ring Sub FG - Assembly,UHASYFGAGS05,54499.59,0.0
Air Ring / Air Ring Sub FG - Assembly,UHASYFGAGS06,145507.15,0.0
Air Ring / Air Ring Sub FG - Assembly,UHASYFGAGS07,879735.23,0.0
Air Ring / Air Ring Sub FG - Assembly,UHASYFGAGS08,1400634.45,0.0
Air Ring / Air Ring Sub FG - Assembly,UHASYFGAGS09,590468.71,0.0
Air Ring / Air Ring Sub FG - Assembly,UHASYFGAGS10,340764.91,0.0
Air Ring / Air Ring Sub FG - Assembly,UHASYFGAGS11,197899.88,0.0
Air Ring / Air Ring Sub FG - Assembly,UHASYFGAGS12,137101.62,0.0
Air Ring / Air Ring Sub FG - Assembly,UHASYFGAGS13,4376.78,0.0
Air Ring / Air Ring Sub FG - Assembly,UHASYFGAGS14,7192.81,0.0
Air Ring / Air Ring Sub FG - Assembly,UHASYFGASO05,6765.79,0.0
Air Ring / Air Ring Sub FG - Assembly,UHASYFGASO06,27501.35,9167.12
Air Ring / Air Ring Sub FG - Assembly,UHASYFGASO07,11365.67,0.0
Air Ring / Air Ring Sub FG - Assembly,UHASYFGASO08,26852.84,0.0
Air Ring / Air Ring Sub FG - Assembly,UHASYFGASO09,18318.04,0.0
Air Ring / Air Ring Sub FG - Assembly,UHASYFGASO13,0.0,0.0
Air Ring / Air Ring Sub FG - Assembly,UHASYFGASS05,45435.9,0.0
Air Ring / Air Ring Sub FG - Assembly,UHASYFGASS06,37455.3,0.0
Air Ring / Air Ring Sub FG - Assembly,UHASYFGASS07,288427.21,0.0
Air Ring / Air Ring Sub FG - Assembly,UHASYFGASS08,172004.2,0.0
Air Ring / Air Ring Sub FG - Assembly,UHASYFGASS09,177289.98,0.0
Air Ring / Air Ring Sub FG - Assembly,UHASYFGASS10,108308.91,0.0
Air Ring / Air Ring Sub FG - Assembly,UHASYFGASS11,63266.11,4686.38
Air Ring / Air Ring Sub FG - Assembly,UHASYFGASS12,51611.81,0.0
Air Ring / Air Ring Sub FG - Assembly,UHASYFGASS13,8882.38,0.0
Air Ring / Air Ring Sub FG - Assembly,UHASYFGASS14,9551.29,114615.46
Air Ring / Air Ring Sub FG - Assembly,UHASYFGBRGO05,6947.99,0.0
Air Ring / Air Ring Sub FG - Assembly,UHASYFGBRGO06,18602.35,0.0
Air Ring / Air Ring Sub FG - Assembly,UHASYFGBRGO07,41807.61,557434.8
Air Ring / Air Ring Sub FG - Assembly,UHASYFGBRGO08,23180.63,556335.03
Air Ring / Air Ring Sub FG - Assembly,UHASYFGBRGO09,0.0,444083.31
Air Ring / Air Ring Sub FG - Assembly,UHASYFGBRGO10,2351.24,0.0
Air Ring / Air Ring Sub FG - Assembly,UHASYFGBRGO12,0.0,0.0
Air Ring / Air Ring Sub FG - Assembly,UHASYFGBRGO13,0.0,0.0
Air Ring / Air Ring Sub FG - Assembly,UHASYFGBRGO14,0.0,0.0
Air Ring / Air Ring Sub FG - Assembly,UHASYFGMGO08,9042.35,0.0
Air Ring / Air Ring Sub FG - Assembly,UHASYFGMGO09,4444.56,4444.56
Air Ring / Air Ring Sub FG - Assembly,UHASYFGMGS05,14211.58,0.0
Air Ring / Air Ring Sub FG - Assembly,UHASYFGMGS06,36300.88,0.0
Air Ring / Air Ring Sub FG - Assembly,UHASYFGMGS07,77842.07,3991.9
Air Ring / Air Ring Sub FG - Assembly,UHASYFGMGS08,37700.73,0.0
Air Ring / Air Ring Sub FG - Assembly,UHASYFGMGS09,99220.75,0.0
Air Ring / Air Ring Sub FG - Assembly,UHASYFGMGS10,54511.6,61052.99
Air Ring / Air Ring Sub FG - Assembly,UHASYFGMGS11,336467.43,4427.2
Air Ring / Air Ring Sub FG - Assembly,UHASYFGMGS12,68559.62,0.0
Air Ring / Air Ring Sub FG - Assembly,UHASYFGMGS13,28559.43,8787.52
Air Ring / Air Ring Sub FG - Assembly,UHASYFGMGS14,6597.34,0.0
Air Ring / Air Ring Sub FG - Assembly,UHASYFGRTO09,0.0,0.0
Air Ring / Air Ring Sub FG - Assembly,UHASYFGRTS05,9049.87,0.0
Air Ring / Air Ring Sub FG - Assembly,UHASYFGRTS06,24846.81,0.0
Air Ring / Air Ring Sub FG - Assembly,UHASYFGRTS07,18483.07,0.0
Air Ring / Air Ring Sub FG - Assembly,UHASYFGRTS08,138844.51,0.0
Air Ring / Air Ring Sub FG - Assembly,UHASYFGRTS09,52289.58,0.0
Air Ring / Air Ring Sub FG - Assembly,UHASYFGRTS10,243318.5,0.0
Air Ring / Air Ring Sub FG - Assembly,UHASYFGRTS11,38078.86,0.0
Air Ring / Air Ring Sub FG - Assembly,UHASYFGRTS12,2004.06,0.0
Air Ring / Air Ring Sub FG - Assembly,UHASYFGRTS13,4014.33,0.0
Air Ring / Air Ring Sub FG - Assembly,UHASYFGRTS14,4065.62,0.0
BOM Ring Others,UHBLTP204M7M,0.0,0.0
BOM Ring Others,UHFSJW10M8M,0.0,0.0
BOM Ring Others,UHFSJW5.6M7M,0.0,123708.1
BOM Ring Others,UHPRINTBATPCB,0.0,0.0
BOM Ring Others,UHTAPEBATPCB,0.0,175788.5
BOM Ring Others,UHTAPEDC10X8,0.0,21208.2
BOM Ring Others,UHTAPS69X363,0.0,509895.0
BOM C2 Others,UHBOTTOMPADS,0.0,416047.01
BOM C2 Others,UHHWSS1.8X6-H,0.0,205338.54
Pulp Trays,UHBOXTBTTRAY,0.0,0.0
Pulp Trays,UHBOXTOPTRAY,0.0,0.0
USB Cable,UHBRUSBCABLE,0.0,0.0
Charger Passive Components,UHC2068NF50V,0.0,699.54
Charger Passive Components,UHC2100NF50V,0.0,1390611.94
Charger Passive Components,UHC2C10UF50V,0.0,111160.08
Charger Passive Components,UHC2C1KPF50V,0.0,0.0
Charger Passive Components,UHC2C47PF25V,0.0,0.0
Charger Passive Components,UHC2FB30OM1L,0.0,0.0
Charger Passive Components,UHC2FFCCN4P,0.0,0.0
Charger Passive Components,UHC2INDU6.8UH,0.0,0.0
Charger Passive Components,UHC2RES0OM42,0.0,0.0
Charger Passive Components,UHC2RES0OM85,0.0,720.0
Charger Passive Components,UHC2RES27OHM,0.0,0.0
Charger Passive Components,UHCAPMUR10UF,0.0,0.0
Charger Passive Components,UHCAPMUR220F,0.0,0.0
Charger Passive Components,UHCAPMURE14D,0.0,76446.06
Charger Passive Components,UHCHCOMPERJ,0.0,14281.6
Charger Passive Components,UHDIODIO100V,0.0,0.0
Charger Passive Components,UHDIODIOI40V,0.0,763496.16
Charger Passive Components,UHDIODIOI75V,0.0,0.0
Charger Passive Components,UHIND2213A156,0.0,0.0
Charger Passive Components,UHLEDWOR812B,0.0,705781.0
Charger Passive Components,UHOSCECS27MH,0.0,1524075.75
Charger Passive Components,UHRESPAN1MOH,0.0,0.0
Charger Passive Components,UHRESVIS10OH,0.0,95971.9
Charger Passive Components,UHRESYAG074O,0.0,104505.8
Charger Passive Components,UHRESYAG0OHM,0.0,879.0
Charger Passive Components,UHRESYAG10KO,0.0,63800.0
Charger Passive Components,UHRESYAG22KO,0.0,0.0
Charger Passive Components,UHRESYAG22MO,0.0,4760.0
Charger Passive Components,UHRESYAG22OH,0.0,0.0
Charger Passive Components,UHRESYAG27KO,0.0,174.0
Charger Passive Components,UHRESYAG47KO,0.0,14882.88
Charger Passive Components,UHRESYAG60KO,0.0,0.0
Charger Passive Components,UHUSB4105GFAN,0.0,120000.0
Charger Passive Components,UHUSBCGCT24P,0.0,0.0
Charger Active Components,UHC2CUMO10MA,0.0,1197253.64
Charger Active Components,UHDIOCOMT33V,0.0,0.0
Charger Active Components,UHDIOSMCAV99,0.0,143551.2
Charger Active Components,UHDIOTEXI14V,0.0,168829.5
Charger Active Components,UHICHSTM32G0,0.0,8145935.91
Charger Active Components,UHICHTEXLMR6,0.0,0.0
Charger Active Components,UHICHTEXTMP1,0.0,0.0
Charger Active Components,UHICHTEXTPS2,0.0,989307.76
Charger Active Components,UHICHTEXUCC2,0.0,0.0
Charger Active Components,UHINA219AIDTE,0.0,620261.04
Charger Active Components,UHTRAEPC200V,0.0,0.0
Charger PCBA,UHC2PCBAREV21,0.0,18826.85
Charger PCB,UHC2PCBREV21,0.0,377206.0
C2 Coil,UHC2TRCL72UH,0.0,792249.74
C3 Base,UHC3BASEPAINT,63000.0,0.0
C3 Base,UHC3BBBASE,0.0,4928750.0
C3 Base,UHC3PAINBASES05,0.0,137000.0
C3 Base,UHC3PAINBASES07,5310.09,1272575.5
C3 Base,UHC3PAINBASES08,177580.72,1256507.41
C3 Base,UHC3PAINBASES09,33139.09,1268942.0
C3 Base,UHC3PAINBASES10,0.0,843000.0
C3 Base,UHC3PAINBASES11,86321.79,652109.72
C3 Base,UHC3PAINBASES12,0.0,228070.72
C3 Base,UHC3PAINBASES14,0.0,123750.0
BOM C3 Others,UHC3BOTTPAD,0.0,8269.57
Charger Sub FG / C3 Charger,UHC3FINFGS05,101890.03,351520.59
Charger Sub FG / C3 Charger,UHC3FINFGS06,150920.07,464903.2
Charger Sub FG / C3 Charger,UHC3FINFGS07,0.0,3362.61
Charger Sub FG / C3 Charger,UHC3FINFGS08,0.0,412115.32
Charger Sub FG / C3 Charger,UHC3FINFGS09,7813.76,1736.39
Charger Sub FG / C3 Charger,UHC3FINFGS10,0.0,1728.69
Charger Sub FG / C3 Charger,UHC3FINFGS12,0.0,364253.38
Charger Sub FG / C3 Charger,UHC3FINFGS13,0.0,356186.85
Charger Sub FG / C3 Charger,UHC3FINFGS14,194737.46,341644.67
C3 Top,UHC3LASERTOPS07,0.0,29435.73
C3 Top,UHC3LASERTOPS09,0.0,190960.0
C3 Top,UHC3LASERTOPS11,0.0,581600.0
C3 Top,UHC3LASERTOPS12,0.0,728000.0
C3 Top,UHC3LASERTOPS13,0.0,309920.0
C3 Top,UHC3LASERTOPS14,0.0,45240.0
C3 Top,UHC3TRANTOPS06,0.0,0.0
C3 Top,UHC3TRANTOPS08,0.0,0.0
C3 Top,UHC3TRANTOPS11,0.0,0.0
C3 Top,UHC3TRANTOPS12,0.0,0.0
C3 Top,UHC3TRANTOPS14,0.0,0.0
C3 Top,UHR1AIRCVS09,0.0,3268575.0
Charger Sub FG / LUX Charger Sub FG,UHC3LPFGS06,0.0,0.0
Charger / C3 Charger Top,UHC3PAINTOPS12,22720.0,0.0
C3 Coil,UHC3TXCOIL,0.0,7145202.0
R&D / Ring Pro,UHCAP16V2200PF,0.0,9740.4
R&D / Ring Pro,UHCAPSMT1PF50,0.0,21104.28
R&D / Ring Pro,UHNTC10KOHM1,0.0,33911.04
R&D / Ring Pro,UHRD5N1HAIM,0.0,26885.59
R&D / Ring Pro,UHRDANGSTR1,0.0,0.0
R&D / Ring Pro,UHRDCSS0402 ,0.0,136227.0
R&D / Ring Pro,UHRDGRUBM2*2,0.0,105451.92
R&D / Ring Pro,UHRDINKBOTL,0.0,1453.39
R&D / Ring Pro,UHRDIRINGS11,0.0,0.0
R&D / Ring Pro,UHRDMAX35AW,0.0,235558.4
R&D / Ring Pro,UHRDMGNTCVR,0.0,50439.75
R&D / Ring Pro,UHRDPOGPIN1,0.0,76609.34
R&D / Ring Pro,UHRDPRINGS8,0.0,0.0
R&D / Ring Pro,UHRDSAFETY1,0.0,1159.36
R&D / Ring Pro,UHRDSKYESD1,0.0,3698.32
R&D / Ring Pro,UHRFSMDIND2.2,0.0,123600.0
R&D / Ring Pro,UHSMD0.1UF16V,0.0,101173.2
R&D / Ring Pro,UHSMD2.2INDUT,0.0,157663.44
Ring Passive Components,UHCAPMUR01UF,0.0,692737.39
Ring Passive Components,UHCAPMUR047F,0.0,14739.29
Ring Passive Components,UHCAPMUR12PF,0.0,17824.99
Ring Passive Components,UHCAPMUR22UF,0.0,34788.69
Ring Passive Components,UHCAPMUR820F,0.0,0.0
Ring Passive Components,UHCAPMURE1UF,0.0,2143844.34
Ring Passive Components,UHCAPSAM22UF,0.0,2875425.0
Ring Passive Components,UHCAPSAM43UF,0.0,53635.27
Ring Passive Components,UHCAPTAY27PF,0.0,0.0
Ring Passive Components,UHINDKYO15NH,0.0,0.0
Ring Passive Components,UHINDMUR1OUH,0.0,326399.74
Ring Passive Components,UHRESBOU01BO,0.0,39182.4
Ring Passive Components,UHRESPAN01KO,0.0,36422.41
Ring Passive Components,UHRESPAN47KO,0.0,42845.04
Ring Passive Components,UHRESSTA10MO,0.0,0.0
Ring Passive Components,UHRESYAG100K,0.0,47784.0
Ring Passive Components,UHRFAJOH24GH,0.0,230628.48
C2 Coil Holder,UHCH2COHOS06,101840.94,106017.18
C2 Coil Holder,UHCH2COHOS07,4421.65,211470.14
C2 Coil Holder,UHCH2COHOS08,0.0,335526.71
C2 Coil Holder,UHCH2COHOS09,17606.8,9110.31
C2 Coil Holder,UHCH2COHOS10,11383.89,1232.65
C2 Coil Holder,UHCH2COHOS12,432.47,0.0
C2 Coil Holder,UHCH2COHOS13,0.0,30585.47
Charger Sub FG / C2 Charger,UHCH2FINISHS05,0.0,265954.36
Charger Sub FG / C2 Charger,UHCH2FINISHS06,51164.79,544052.28
Charger Sub FG / C2 Charger,UHCH2FINISHS07,23458.94,1844877.99
Charger Sub FG / C2 Charger,UHCH2FINISHS08,25898.14,1742694.09
Charger Sub FG / C2 Charger,UHCH2FINISHS09,3400.32,1326126.69
Charger Sub FG / C2 Charger,UHCH2FINISHS10,5186.63,124479.15
Charger Sub FG / C2 Charger,UHCH2FINISHS11,29708.48,256890.99
Charger Sub FG / C2 Charger,UHCH2FINISHS12,28890.91,382379.72
Charger Sub FG / C2 Charger,UHCH2FINISHS13,0.0,74534.44
Charger Sub FG / C2 Charger,UHCH2FINISHS14,0.0,363985.78
C2 Base,UHCHA2BASS05,23525.31,0.0
C2 Base,UHCHA2BASS06,139295.34,0.0
C2 Base,UHCHA2BASS07,224869.77,558563.04
C2 Base,UHCHA2BASS08,81041.58,1233448.13
C2 Base,UHCHA2BASS09,29822.6,701541.16
C2 Base,UHCHA2BASS10,165811.5,432158.14
C2 Base,UHCHA2BASS11,137030.51,0.0
C2 Base,UHCHA2BASS12,17175.44,0.0
C2 Base,UHCHA2BASS13,0.0,5207.82
C2 Base,UHCHA2BASS14,0.0,8438.29
C2 Top,UHCHARTOPS05,2049.43,0.0
C2 Top,UHCHARTOPS06,0.0,68.35
C2 Top,UHCHARTOPS07,19282.89,0.0
C2 Top,UHCHARTOPS08,12890.28,212434.45
C2 Top,UHCHARTOPS09,25580.79,30207.1
C2 Top,UHCHARTOPS10,19745.62,150.73
C2 Top,UHCHARTOPS11,0.0,63396.88
C2 Top,UHCHARTOPS12,0.0,32329.86
C2 Top,UHCHARTOPS13,0.0,133426.72
C2 Top,UHCHARTOPS14,0.0,1520.0
Charger / Charger Top,UHCHTOP2.5S07,0.0,0.0
Air Ring / Consumables,UHCONSJSSPR,0.0,4688.14
Air Ring / Air Ring Sub FG - Casting,UHCTPFGAAO05,532624.69,4692.73
Air Ring / Air Ring Sub FG - Casting,UHCTPFGAAO05-T1.62,26343.0,0.0
Air Ring / Air Ring Sub FG - Casting,UHCTPFGAAO06,929088.84,0.0
Air Ring / Air Ring Sub FG - Casting,UHCTPFGAAO06-T1.62,88466.5,0.0
Air Ring / Air Ring Sub FG - Casting,UHCTPFGAAO07,3523646.78,0.0
Air Ring / Air Ring Sub FG - Casting,UHCTPFGAAO07-T1.62,35172.75,0.0
Air Ring / Air Ring Sub FG - Casting,UHCTPFGAAO08,3150231.22,0.0
Air Ring / Air Ring Sub FG - Casting,UHCTPFGAAO08-T1.62,51140.79,17046.93
Air Ring / Air Ring Sub FG - Casting,UHCTPFGAAO09,2490652.55,16332.15
Air Ring / Air Ring Sub FG - Casting,UHCTPFGAAO09-T1.62,135243.46,0.0
Air Ring / Air Ring Sub FG - Casting,UHCTPFGAAO10,2634080.9,44410.22
Air Ring / Air Ring Sub FG - Casting,UHCTPFGAAO10-T1.62,46659.27,29162.04
Air Ring / Air Ring Sub FG - Casting,UHCTPFGAAO11,472494.84,0.0
Air Ring / Air Ring Sub FG - Casting,UHCTPFGAAO11-T1.62,14603.97,11683.18
Air Ring / Air Ring Sub FG - Casting,UHCTPFGAAO12,405290.01,0.0
Air Ring / Air Ring Sub FG - Casting,UHCTPFGAAO13,440449.45,5505.62
Air Ring / Air Ring Sub FG - Casting,UHCTPFGAAO13-T1.62,14608.46,17530.16
Air Ring / Air Ring Sub FG - Casting,UHCTPFGAAS05,229878.29,0.0
Air Ring / Air Ring Sub FG - Casting,UHCTPFGAAS05-T1.62,5763.26,5763.26
Air Ring / Air Ring Sub FG - Casting,UHCTPFGAAS06,128548.7,133904.9
Air Ring / Air Ring Sub FG - Casting,UHCTPFGAAS06-T1.62,11499.76,0.0
Air Ring / Air Ring Sub FG - Casting,UHCTPFGAAS07,369925.27,83441.79
Air Ring / Air Ring Sub FG - Casting,UHCTPFGAAS07-T1.62,28750.13,11500.05
Air Ring / Air Ring Sub FG - Casting,UHCTPFGAAS08,671933.95,111063.46
Air Ring / Air Ring Sub FG - Casting,UHCTPFGAAS08-T1.62,2892.45,0.0
Air Ring / Air Ring Sub FG - Casting,UHCTPFGAAS09,1509210.63,132619.56
Air Ring / Air Ring Sub FG - Casting,UHCTPFGAAS09-T1.62,437778.15,11370.86
Air Ring / Air Ring Sub FG - Casting,UHCTPFGAAS10,81650.02,38103.34
Air Ring / Air Ring Sub FG - Casting,UHCTPFGAAS10-T1.62,2927.99,5855.98
Air Ring / Air Ring Sub FG - Casting,UHCTPFGAAS11,931096.03,85372.7
Air Ring / Air Ring Sub FG - Casting,UHCTPFGAAS11-T1.62,31639.14,11505.14
Air Ring / Air Ring Sub FG - Casting,UHCTPFGAAS12,576330.71,0.0
Air Ring / Air Ring Sub FG - Casting,UHCTPFGAAS12-T1.62,78165.73,11580.11
Air Ring / Air Ring Sub FG - Casting,UHCTPFGAAS13,31677.21,5759.49
Air Ring / Air Ring Sub FG - Casting,UHCTPFGAAS13-T1.62,0.0,5769.46
Air Ring / Air Ring Sub FG - Casting,UHCTPFGAAS14,347060.48,10207.66
Air Ring / Air Ring Sub FG - Casting,UHCTPFGAAS14-T1.62,17548.32,0.0
Air Ring / Air Ring Sub FG - Casting,UHCTPFGAGO05,3489122.15,327665.18
Air Ring / Air Ring Sub FG - Casting,UHCTPFGAGO05-T1.62,11023.99,11023.99
Air Ring / Air Ring Sub FG - Casting,UHCTPFGAGO06,6396313.7,20716.81
Air Ring / Air Ring Sub FG - Casting,UHCTPFGAGO06-T1.62,59739.19,15584.14
Air Ring / Air Ring Sub FG - Casting,UHCTPFGAGO06-T1.6222.5Mah,7887.99,0.0
Air Ring / Air Ring Sub FG - Casting,UHCTPFGAGO07,17673665.6,2933109.44
Air Ring / Air Ring Sub FG - Casting,UHCTPFGAGO07-T1.61,619058.01,4798.9
Air Ring / Air Ring Sub FG - Casting,UHCTPFGAGO07-T1.62,1783043.9,38169.14
Air Ring / Air Ring Sub FG - Casting,UHCTPFGAGO08,10095603.3,1155725.63
Air Ring / Air Ring Sub FG - Casting,UHCTPFGAGO08-T1.61,160659.52,10041.22
Air Ring / Air Ring Sub FG - Casting,UHCTPFGAGO08-T1.62,1061749.9,5269.23
Air Ring / Air Ring Sub FG - Casting,UHCTPFGAGO08-T1.6222.5Mah,21042.56,0.0
Air Ring / Air Ring Sub FG - Casting,UHCTPFGAGO09,6827439.33,123573.56
Air Ring / Air Ring Sub FG - Casting,UHCTPFGAGO09-T1.62,760652.39,26229.39
Air Ring / Air Ring Sub FG - Casting,UHCTPFGAGO09-T1.6222.5Mah,13125.65,0.0
Air Ring / Air Ring Sub FG - Casting,UHCTPFGAGO10,929668.87,179213.28
Air Ring / Air Ring Sub FG - Casting,UHCTPFGAGO10-T1.61,5178.88,0.0
Air Ring / Air Ring Sub FG - Casting,UHCTPFGAGO10-T1.62,60253.75,74599.89
Air Ring / Air Ring Sub FG - Casting,UHCTPFGAGS05,3966054.71,14527.67
Air Ring / Air Ring Sub FG - Casting,UHCTPFGAGS06,5407435.57,39852.13
Air Ring / Air Ring Sub FG - Casting,UHCTPFGAGS06-T1.62,35021.52,16163.78
Air Ring / Air Ring Sub FG - Casting,UHCTPFGAGS07,8713431.87,48760.11
Air Ring / Air Ring Sub FG - Casting,UHCTPFGAGS07-T1.62,208300.34,69433.45
Air Ring / Air Ring Sub FG - Casting,UHCTPFGAGS08,8696253.73,110780.3
Air Ring / Air Ring Sub FG - Casting,UHCTPFGAGS08-T1.62,172119.99,10431.51
Air Ring / Air Ring Sub FG - Casting,UHCTPFGAGS09,4080986.32,74247.96
Air Ring / Air Ring Sub FG - Casting,UHCTPFGAGS09-T1.62,27080.1,0.0
Air Ring / Air Ring Sub FG - Casting,UHCTPFGAGS10,3076721.89,43641.45
Air Ring / Air Ring Sub FG - Casting,UHCTPFGAGS11,1363168.84,19791.93
Air Ring / Air Ring Sub FG - Casting,UHCTPFGAGS11-T1.62,2806.79,0.0
Air Ring / Air Ring Sub FG - Casting,UHCTPFGAGS12,798931.77,44660.78
Air Ring / Air Ring Sub FG - Casting,UHCTPFGAGS12-T1.62,0.0,0.0
Air Ring / Air Ring Sub FG - Casting,UHCTPFGAGS13,642077.58,10032.46
Air Ring / Air Ring Sub FG - Casting,UHCTPFGAGS14,235001.7,0.0
Air Ring / Air Ring Sub FG - Casting,UHCTPFGASO05,746840.93,4540.07
Air Ring / Air Ring Sub FG - Casting,UHCTPFGASO06,1436467.56,73800.17
Air Ring / Air Ring Sub FG - Casting,UHCTPFGASO06-T1.62,77626.72,48182.1
Air Ring / Air Ring Sub FG - Casting,UHCTPFGASO07,3449553.75,24517.08
Air Ring / Air Ring Sub FG - Casting,UHCTPFGASO07-T1.61,65811.08,9077.39
Air Ring / Air Ring Sub FG - Casting,UHCTPFGASO07-T1.62,196093.79,16341.15
Air Ring / Air Ring Sub FG - Casting,UHCTPFGASO08,1863005.77,4758.64
Air Ring / Air Ring Sub FG - Casting,UHCTPFGASO08-T1.61,129647.87,12752.25
Air Ring / Air Ring Sub FG - Casting,UHCTPFGASO08-T1.62,156664.8,23382.81
Air Ring / Air Ring Sub FG - Casting,UHCTPFGASO09,1215889.69,20918.53
Air Ring / Air Ring Sub FG - Casting,UHCTPFGASO09-T1.61,61715.67,4937.25
Air Ring / Air Ring Sub FG - Casting,UHCTPFGASO09-T1.62,96742.56,20917.31
Air Ring / Air Ring Sub FG - Casting,UHCTPFGASO10,104072.57,0.0
Air Ring / Air Ring Sub FG - Casting,UHCTPFGASO10-T1.62,56585.07,0.0
Air Ring / Air Ring Sub FG - Casting,UHCTPFGASO12,0.0,0.0
Air Ring / Air Ring Sub FG - Casting,UHCTPFGASO13,18087.14,6029.05
Air Ring / Air Ring Sub FG - Casting,UHCTPFGASO14,0.0,0.0
Air Ring / Air Ring Sub FG - Casting,UHCTPFGASS05,294057.98,0.0
Air Ring / Air Ring Sub FG - Casting,UHCTPFGASS05-T1.62,10707.7,0.0
Air Ring / Air Ring Sub FG - Casting,UHCTPFGASS06,1176887.01,34541.76
Air Ring / Air Ring Sub FG - Casting,UHCTPFGASS06-T1.62,52298.28,4754.39
Air Ring / Air Ring Sub FG - Casting,UHCTPFGASS07,4012611.03,14573.65
Air Ring / Air Ring Sub FG - Casting,UHCTPFGASS08,1146196.57,177074.21
Air Ring / Air Ring Sub FG - Casting,UHCTPFGASS08-T1.62,8035.03,0.0
Air Ring / Air Ring Sub FG - Casting,UHCTPFGASS09,3340245.57,10168.18
Air Ring / Air Ring Sub FG - Casting,UHCTPFGASS09-T1.62,5351.42,0.0
Air Ring / Air Ring Sub FG - Casting,UHCTPFGASS10,1797342.83,76482.67
Air Ring / Air Ring Sub FG - Casting,UHCTPFGASS10-T1.62,0.0,5570.4
Air Ring / Air Ring Sub FG - Casting,UHCTPFGASS11,539960.65,30137.34
Air Ring / Air Ring Sub FG - Casting,UHCTPFGASS11-T1.62,45328.15,0.0
Air Ring / Air Ring Sub FG - Casting,UHCTPFGASS12,471805.77,0.0
Air Ring / Air Ring Sub FG - Casting,UHCTPFGASS13,249595.77,59309.89
Air Ring / Air Ring Sub FG - Casting,UHCTPFGASS14,41075.49,11735.85
Air Ring / Air Ring Sub FG - Casting,UHCTPFGBRGO05,642315.56,4793.4
Air Ring / Air Ring Sub FG - Casting,UHCTPFGBRGO05-T1.62,35483.86,5459.05
Air Ring / Air Ring Sub FG - Casting,UHCTPFGBRGO06,1552118.26,41667.6
Air Ring / Air Ring Sub FG - Casting,UHCTPFGBRGO06-T1.62,10800.89,48603.99
Air Ring / Air Ring Sub FG - Casting,UHCTPFGBRGO07,3662683.61,0.0
Air Ring / Air Ring Sub FG - Casting,UHCTPFGBRGO07-T1.62,240498.46,205369.47
Air Ring / Air Ring Sub FG - Casting,UHCTPFGBRGO08,3067469.19,25371.95
Air Ring / Air Ring Sub FG - Casting,UHCTPFGBRGO08-T1.62,29701.64,10800.59
Air Ring / Air Ring Sub FG - Casting,UHCTPFGBRGO09,742998.69,63130.61
Air Ring / Air Ring Sub FG - Casting,UHCTPFGBRGO09-T1.62,30808.95,15404.48
Air Ring / Air Ring Sub FG - Casting,UHCTPFGBRGO10,479106.17,5069.91
Air Ring / Air Ring Sub FG - Casting,UHCTPFGBRGO10-T1.62,19410.41,11091.66
Air Ring / Air Ring Sub FG - Casting,UHCTPFGBRGO11,123927.79,12090.52
Air Ring / Air Ring Sub FG - Casting,UHCTPFGBRGO11-T1.62,255754.12,0.0
Air Ring / Air Ring Sub FG - Casting,UHCTPFGBRGO12,306514.19,15585.47
Air Ring / Air Ring Sub FG - Casting,UHCTPFGBRGO12-T1.62,33161.7,0.0
Air Ring / Air Ring Sub FG - Casting,UHCTPFGBRGO13,66878.44,39012.42
Air Ring / Air Ring Sub FG - Casting,UHCTPFGBRGO13-T1.62,114518.91,0.0
Air Ring / Air Ring Sub FG - Casting,UHCTPFGBRGO14,96443.03,66132.36
Air Ring / Air Ring Sub FG - Casting,UHCTPFGBRGO14-T1.62,60255.73,0.0
Air Ring / Air Ring Sub FG - Casting,UHCTPFGLRS08-1.62,127048.62,0.0
Air Ring / Air Ring Sub FG - Casting,UHCTPFGMGO06,4721.95,0.0
Air Ring / Air Ring Sub FG - Casting,UHCTPFGMGO07,0.0,0.0
Air Ring / Air Ring Sub FG - Casting,UHCTPFGMGO08,431052.54,9269.95
Air Ring / Air Ring Sub FG - Casting,UHCTPFGMGO08-T1.62,5225.88,15677.64
Air Ring / Air Ring Sub FG - Casting,UHCTPFGMGO09,273255.5,20819.47
Air Ring / Air Ring Sub FG - Casting,UHCTPFGMGO09-T1.61,179968.12,0.0
Air Ring / Air Ring Sub FG - Casting,UHCTPFGMGO09-T1.62,161074.1,15340.39
Air Ring / Air Ring Sub FG - Casting,UHCTPFGMGO10,15380.83,0.0
Air Ring / Air Ring Sub FG - Casting,UHCTPFGMGO10-T1.61,4765.56,42890.02
Air Ring / Air Ring Sub FG - Casting,UHCTPFGMGO10-T1.62,117965.89,32172.52
Air Ring / Air Ring Sub FG - Casting,UHCTPFGMGO11-T1.61,16777.61,0.0
Air Ring / Air Ring Sub FG - Casting,UHCTPFGMGO11-T1.62,34549.82,10630.71
Air Ring / Air Ring Sub FG - Casting,UHCTPFGMGO12-T1.62,18680.19,0.0
Air Ring / Air Ring Sub FG - Casting,UHCTPFGMGO13-T1.62,5319.84,0.0
Air Ring / Air Ring Sub FG - Casting,UHCTPFGMGS05,526103.48,4697.35
Air Ring / Air Ring Sub FG - Casting,UHCTPFGMGS06,597187.38,43874.99
Air Ring / Air Ring Sub FG - Casting,UHCTPFGMGS06-T1.62,0.0,0.0
Air Ring / Air Ring Sub FG - Casting,UHCTPFGMGS07,2470797.15,61769.93
Air Ring / Air Ring Sub FG - Casting,UHCTPFGMGS07-T1.62,18288.04,5225.16
Air Ring / Air Ring Sub FG - Casting,UHCTPFGMGS08,2313131.44,18616.75
Air Ring / Air Ring Sub FG - Casting,UHCTPFGMGS08-T1.62,211767.72,41830.66
Air Ring / Air Ring Sub FG - Casting,UHCTPFGMGS09,3625415.12,0.0
Air Ring / Air Ring Sub FG - Casting,UHCTPFGMGS09-T1.62,10466.32,0.0
Air Ring / Air Ring Sub FG - Casting,UHCTPFGMGS10,2580293.12,38475.95
Air Ring / Air Ring Sub FG - Casting,UHCTPFGMGS11,1120975.47,9519.96
Air Ring / Air Ring Sub FG - Casting,UHCTPFGMGS11-T1.62,62684.13,26118.39
Air Ring / Air Ring Sub FG - Casting,UHCTPFGMGS12,894486.29,14198.2
Air Ring / Air Ring Sub FG - Casting,UHCTPFGMGS12-T1.62,0.0,0.0
Air Ring / Air Ring Sub FG - Casting,UHCTPFGMGS13,388445.44,14566.7
Air Ring / Air Ring Sub FG - Casting,UHCTPFGMGS13-T1.62,5792.66,0.0
Air Ring / Air Ring Sub FG - Casting,UHCTPFGMGS14,483904.86,9535.07
Air Ring / Air Ring Sub FG - Casting,UHCTPFGRTO08,51419.0,0.0
Air Ring / Air Ring Sub FG - Casting,UHCTPFGRTO08-T1.61,46062.12,0.0
Air Ring / Air Ring Sub FG - Casting,UHCTPFGRTO09,47915.02,0.0
Air Ring / Air Ring Sub FG - Casting,UHCTPFGRTO09-T1.62,187796.13,0.0
Air Ring / Air Ring Sub FG - Casting,UHCTPFGRTO10,55843.69,9711.95
Air Ring / Air Ring Sub FG - Casting,UHCTPFGRTO11-T1.61,4332.16,0.0
Air Ring / Air Ring Sub FG - Casting,UHCTPFGRTO11-T1.62,61346.38,4907.71
Air Ring / Air Ring Sub FG - Casting,UHCTPFGRTO13-T1.62,29423.29,0.0
Air Ring / Air Ring Sub FG - Casting,UHCTPFGRTS05,391624.83,0.0
Air Ring / Air Ring Sub FG - Casting,UHCTPFGRTS06,485689.21,39028.6
Air Ring / Air Ring Sub FG - Casting,UHCTPFGRTS07,618766.78,42673.57
Air Ring / Air Ring Sub FG - Casting,UHCTPFGRTS08,899057.36,59794.79
Air Ring / Air Ring Sub FG - Casting,UHCTPFGRTS08(RW)-1.62V,199889.82,11587.82
Air Ring / Air Ring Sub FG - Casting,UHCTPFGRTS08-T1.62,278694.0,42512.64
Air Ring / Air Ring Sub FG - Casting,UHCTPFGRTS09,1326898.51,86339.29
Air Ring / Air Ring Sub FG - Casting,UHCTPFGRTS09(RW),23754.67,0.0
Air Ring / Air Ring Sub FG - Casting,UHCTPFGRTS09(RW)-1.62V,189167.41,0.0
Air Ring / Air Ring Sub FG - Casting,UHCTPFGRTS09-T1.62,366083.07,4693.37
Air Ring / Air Ring Sub FG - Casting,UHCTPFGRTS10,792653.68,17373.23
Air Ring / Air Ring Sub FG - Casting,UHCTPFGRTS10-T1.62,60338.36,9654.14
Air Ring / Air Ring Sub FG - Casting,UHCTPFGRTS11,371534.55,4221.98
Air Ring / Air Ring Sub FG - Casting,UHCTPFGRTS11-T1.62,36066.4,0.0
Air Ring / Air Ring Sub FG - Casting,UHCTPFGRTS12,177593.71,11532.06
Air Ring / Air Ring Sub FG - Casting,UHCTPFGRTS12-T1.62,101140.82,9632.46
Air Ring / Air Ring Sub FG - Casting,UHCTPFGRTS13,254739.94,0.0
Air Ring / Air Ring Sub FG - Casting,UHCTPFGRTS13-T1.62,2404.17,0.0
Air Ring / Air Ring Sub FG - Casting,UHCTPFGRTS14,34825.5,4643.4
Air Ring / Air Ring Sub FG - Casting,UHCTPFGRTS14-T1.62,19626.38,0.0
Diesel Ring / Diesel Ring Sub FG - Casting,UHCTPFGDBS05,9680.72,0.0
Diesel Ring / Diesel Ring Sub FG - Casting,UHCTPFGDBS07,19361.44,0.0
Diesel Ring / Diesel Ring Sub FG - Casting,UHCTPFGDBS09,57985.44,0.0
Diesel Ring / Diesel Ring Sub FG - Casting,UHCTPFGDBS10,14507.97,0.0
Diesel Ring / Diesel Ring Sub FG - Casting,UHCTPFGGSS09,14496.36,0.0
Air Ring / Air Ring Sub FG - Casting (Rare),UHCTPFGLGS05,193383.0,0.0
Air Ring / Air Ring Sub FG - Casting (Rare),UHCTPFGLGS07,40324.99,0.0
Air Ring / Air Ring Sub FG - Casting (Rare),UHCTPFGLPS14,0.0,98463.96
Air Ring / Air Ring Sub FG - Casting (Rare),UHCTPFGLRS08,41553.21,0.0
Air Ring / Air Ring Sub FG - Casting (Rare),UHCTPFGLRS12,0.0,95434.44
Air Ring / Tools & Fixtures ,UHCUTINPLYR,0.0,480.0
Charger Sub FG / Diesel Charger,UHDISLCHGRS07,0.0,21825.72
Charger Sub FG / Diesel Charger,UHDISLCHGRS08,0.0,13280.51
Charger Sub FG / Diesel Charger,UHDISLCHGRS09,0.0,30398.28
Charger Sub FG / Diesel Charger,UHDISLCHGRS10,0.0,1899.33
Diesel Ring / Diesel Ring FG and Charger,UHDISLFGDBS05,0.0,5790.86
Diesel Ring / Diesel Ring FG and Charger,UHDISLFGDBS06,0.0,81069.86
Diesel Ring / Diesel Ring FG and Charger,UHDISLFGDBS07,0.0,718059.56
Diesel Ring / Diesel Ring FG and Charger,UHDISLFGDBS08,0.0,445898.5
Diesel Ring / Diesel Ring FG and Charger,UHDISLFGDBS09,0.0,607148.95
Diesel Ring / Diesel Ring FG and Charger,UHDISLFGDBS10,0.0,39752.04
Diesel Ring / Diesel Ring FG and Charger,UHDISLFGDBS11,0.0,57820.73
Diesel Ring / Diesel Ring FG and Charger,UHDISLFGDBS12,0.0,5781.79
Diesel Ring / Diesel Ring FG and Charger,UHDISLFGDBS13,0.0,5782.86
Diesel Ring / Diesel Ring FG and Charger,UHDISLFGDSS07,0.0,86860.15
Diesel Ring / Diesel Ring FG and Charger,UHDISLFGGSS08,0.0,5791.3
Diesel Ring / Diesel Ring FG and Charger,UHDISLFGGSS09,0.0,52040.11
Diesel Ring / Diesel Ring FG and Charger,UHDISLFGGSS11,0.0,121433.34
Charger / C2 Base,UHDMCBASES05,26780.0,0.0
Dark Moon Charger / DM Lego Top,UHDMCTOPS05,218.79,0.0
Dark Moon Charger / DM Lego Top,UHDMCTOPS12,1499.74,0.0
Resin,UHHRDOODLVR,0.0,250500.0
Resin,UHLROODALVR,0.0,41750.0
Resin,UHRSOODALVR,0.0,29460.66
Air ring master rings,UHIGPACRMASS07,0.0,146780.0
Air ring master rings,UHIGPACRMASS13,0.0,182860.0
Charger / LUX Base,UHLUXAGBASMATS05,0.0,0.0
Charger / LUX Base,UHLUXAGBASMATS06,0.0,0.0
Charger / LUX Base,UHLUXAGBASMATS07,0.0,0.0
Charger / LUX Base,UHLUXAGBASMATS08,0.0,0.0
Charger / LUX Base,UHLUXAGBASMATS09,0.0,0.0
Charger / LUX Base,UHLUXAGBASMATS10,0.0,0.0
Charger / LUX Base,UHLUXAGBASMATS11,0.0,0.0
Charger / LUX Base,UHLUXAGBASMATS12,0.0,458.0
Charger / LUX Base,UHLUXAGBASMATS13,0.0,0.0
Charger / LUX Base,UHLUXAGBASMATS14,0.0,0.0
Charger / LUX Base,UHLUXASBASMATS05,0.0,0.0
Charger / LUX Base,UHLUXASBASMATS07,0.0,0.0
Charger / LUX Base,UHLUXASBASMATS08,0.0,0.0
Charger / LUX Base,UHLUXASBASMATS13,0.0,0.0
Charger / LUX Base,UHLUXMRBASE,228000.0,0.0
Charger / LUX Base,UHLUXRGBASMATS05,0.0,0.0
Charger / LUX Base,UHLUXRGBASMATS06,0.0,0.0
Charger / LUX Base,UHLUXRGBASMATS07,0.0,0.0
Charger / LUX Base,UHLUXRGBASMATS08,0.0,0.0
Charger / LUX Base,UHLUXRGBASMATS09,0.0,0.0
Charger / LUX Base,UHLUXRGBASMATS10,0.0,0.0
Charger / LUX Base,UHLUXRGBASMATS11,0.0,0.0
Charger / LUX Base,UHLUXRGBASMATS12,0.0,0.0
Charger / LUX Base,UHLUXRGBASMATS13,0.0,0.0
Charger / LUX Base,UHLUXRGBASMATS14,0.0,0.0
Charger / LUX Charger Top,UHLUXAGS12-S14,0.0,60.0
Charger / LUX Charger Top,UHLUXASS05-S11,0.0,7620.0
Charger / LUX Charger Top,UHLUXASS12-S14,0.0,7875.0
Charger / LUX Charger Top,UHLUXRGS05-S11,0.0,7275.0
Charger / LUX Charger Top,UHLUXRGS12-S14,0.0,6825.0
Air Ring / Resin,UHLUXRXCS06,13645.9,0.0
Air Ring / Resin,UHLUXRXCS07,0.0,12453.35
Air Ring / Resin,UHLUXRXCS13,36480.3,0.0
Ring PCB,UHPCBREV15S6,0.0,14726441.38
Ring Coil,UHPCBRXCOS05,0.0,422972.04
Ring Coil,UHPCBRXCOS06,0.0,7881.19
Ring Coil,UHPCBRXCOS07,845201.37,326073.86
Ring Coil,UHPCBRXCOS08,25881.01,0.0
Ring Coil,UHPCBRXCOS10,10159.25,435707.21
Ring Coil,UHPCBRXCOS11,0.0,272438.04
Ring Coil,UHPCBRXCOS12,153156.36,0.0
Ring Coil,UHPCBRXCOS13,103990.74,12018.72
Ring Coil,UHPCBRXCOS14,130127.34,373156.56
Ring Rx Coil,UHPCBRXCOS09,345451.86,1009144.56
Air Ring / Air Insert,UHPLASINSS11,38686.68,0.0
Sizing Ring,UHPLASIZRS05,8483.21,50676.3
Sizing Ring,UHPLASIZRS06,9566.17,50088.42
Sizing Ring,UHPLASIZRS07,3633.68,50142.75
Sizing Ring,UHPLASIZRS08,5752.4,50816.25
Sizing Ring,UHPLASIZRS09,8004.12,50802.28
Sizing Ring,UHPLASIZRS10,11720.83,50491.8
Sizing Ring,UHPLASIZRS11,12724.18,50095.2
Sizing Ring,UHPLASIZRS12,33995.83,50384.1
Sizing Ring,UHPLASIZRS13,15156.8,50433.0
Sizing Ring,UHPLASIZRS14,13962.91,50106.15
Packaging / Air Ring PM,UHPMARCB,0.0,0.0
Packaging / Air Ring PM,UHPMARCR,0.0,0.0
Packaging / Air Ring PM,UHPMARCT,0.0,0.0
Packaging / Air Ring PM,UHPMARHTC,0.0,0.0
Packaging / Air Ring PM,UHPMARNNC,0.0,0.0
Packaging / Air Ring PM,UHPMARRTNC,0.0,0.0
Packaging / Air Ring PM,UHPMARSTIKEU,0.0,0.0
Packaging / Air Ring PM,UHPMARSTIKIND,0.0,0.0
Packaging / Air Ring PM,UHPMARSTIKINT,0.0,0.0
Packaging / Sleep Mask PM,UHPMARSHLBLINT,0.0,0.0
Packaging / BLBG PM,UHPMBLBGCBB,0.0,0.0
Packaging / BLBG PM,UHPMBLBGCBT,0.0,0.0
Packaging / BLBG PM,UHPMBLBGLCBK,0.0,0.0
Packaging / C2 Charger PM,UHPMC2CHCBX,0.0,0.0
Packaging / C2 Charger PM,UHPMC2CHWH,0.0,0.0
Packaging / C3 Voyager PM,UHPMC3CHARBOXWH,0.0,0.0
Packaging / C3 Voyager PM,UHPMC3CHARCB,0.0,0.0
Packaging / C3 Voyager PM,UHPMC3CHARCT,0.0,0.0
Packaging / C3 Voyager PM,UHPMC3CHPCH,0.0,0.0
Packaging / C3 Voyager PM,UHPMC3CHTCPL,0.0,0.0
Packaging / Rare Ring PM,UHPMRRCCMR,0.0,0.0
Packaging / Rare Ring PM,UHPMRRCS,0.0,0.0
Packaging / Rare Ring PM,UHPMRRGPLGLD,0.0,0.0
Packaging / Rare Ring PM,UHPMRRGPLPLT,0.0,0.0
Packaging / Rare Ring PM,UHPMRRSKB,0.0,0.0
Packaging / Rare Ring PM,UHPMRRSKCB,0.0,0.0
Packaging / Rare Ring PM,UHPMRRSKCT,0.0,0.0
Packaging / Rare Ring PM,UHPMRRSKSW,0.0,0.0
Packaging / Rare Ring PM,UHPMRRSWR,0.0,0.0
Packaging / Rare Ring PM,UHPMRRUSWP,0.0,0.0
R1 Ring / Bare PCB,UHR1PCB1.3,4930200.0,0.0
R1 Ring / Bare PCB,UHR1PCB1.7,30464736.0,0.0
Air Ring,UHRDANTIDIO,0.0,6777.96
Air Ring,UHRDSTENCIAL ,0.0,3606.03
R&D / QC Automation,UHRDBTBJ140,0.0,2291.2
R&D / QC Automation,UHRDMTRBRD1,0.0,141580.68
R&D / QC Automation,UHRDRTMDGHR,0.0,6133686.48
Diesel Ring,UHRDIGPMS06,0.0,11000.0
Diesel Ring,UHRDIGPMS11,0.0,11000.0
Diesel Ring,UHRDIGPMS13,0.0,6000.0
Ring Pro - R&D / Charger,UHRDRPCCTPD,0.0,41454.02
Ring QC Automation,UHRDRTM1393,0.0,0.0
Ring QC Automation,UHRDRTM2392,0.0,0.0
Air Ring / PRODUCTION SPARES,UHRDSTATICMX,0.0,0.0
Air Ring / MACHINE & ACCESSORIES,UHRDSYRINGS,0.0,2676.0
R&D / Ring Pro / DC Charger,UHRDUHCHBAS,0.0,0.0
R&D / Ring Pro / DC Charger,UHRDUHCHBUT,0.0,449.12
R&D / Ring Pro / DC Charger,UHRDUHCHTOP,0.0,7545.22
Battery,UHRGBTR24MAH,1323639.66,3929713.57
Battery,UHRGBTR32MAH,64064.02,1554533.03
Air Ring / Air ring PCBA,UHRING1.61PCBA,0.0,0.0
Air Ring / Air ring PCBA,UHRING1.62PCBA,2760.98,2167367.42
Air Ring / Air ring PCBA,UHRING1.63PCBA,0.0,0.0
Ring PCBA,UHRING1.6PCBA,0.0,522369.0
Ring Pro - R&D / Active Components,UHRPRONRF5R,0.0,0.0
Air Ring / Air Ring Sub FG - RT,UHRTCFGS05,42811.19,0.0
Air Ring / Air Ring Sub FG - RT,UHRTCFGS06,53431.55,0.0
Air Ring / Air Ring Sub FG - RT,UHRTCFGS07,237801.18,0.0
Air Ring / Air Ring Sub FG - RT,UHRTCFGS08,302944.25,5178.53
Air Ring / Air Ring Sub FG - RT,UHRTCFGS09,161746.05,5303.15
Air Ring / Air Ring Sub FG - RT,UHRTCFGS10,264053.78,8166.61
Air Ring / Air Ring Sub FG - RT,UHRTCFGS11,145280.02,2641.45
Air Ring / Air Ring Sub FG - RT,UHRTCFGS12,67702.45,2603.94
Air Ring / Air Ring Sub FG - RT,UHRTCFGS13,16506.91,5502.3
Air Ring / Air Ring Sub FG - RT,UHRTCFGS14,0.0,5529.36
Swatches,UHSWATCHAA,0.0,0.0
Swatches,UHSWATCHAG,0.0,0.0
Swatches,UHSWATCHAS,0.0,0.0
Swatches,UHSWATCHBRG,0.0,0.0
Swatches,UHSWATCHMG,0.0,0.0
Swatches,UHSWATCHRT,0.0,0.0
Air Ring / Tools & Fixtures  / Air Master,UHTOKEN20X5,0.0,0.0
Air Ring / Air Ring Sub FG - Wabi Sabi,UHWBFGAA06,2904.06,0.0
Air Ring / Air Ring Sub FG - Wabi Sabi,UHWBFGAA07,59165.34,0.0
Air Ring / Air Ring Sub FG - Wabi Sabi,UHWBFGAA08,6228.75,0.0
Air Ring / Air Ring Sub FG - Wabi Sabi,UHWBFGAA09,20981.39,0.0
Air Ring / Air Ring Sub FG - Wabi Sabi,UHWBFGAA10,28751.1,0.0
Air Ring / Air Ring Sub FG - Wabi Sabi,UHWBFGAA11,12042.93,0.0
Air Ring / Air Ring Sub FG - Wabi Sabi,UHWBFGAA12,5725.74,0.0
Air Ring / Air Ring Sub FG - Wabi Sabi,UHWBFGAA13,3067.64,0.0
Air Ring / Air Ring Sub FG - Wabi Sabi,UHWBFGAA14,8881.62,0.0
Air Ring / Air Ring Sub FG - Wabi Sabi,UHWBFGAG05,5913.48,0.0
Air Ring / Air Ring Sub FG - Wabi Sabi,UHWBFGAG06,75445.14,0.0
Air Ring / Air Ring Sub FG - Wabi Sabi,UHWBFGAG07,237738.21,0.0
Air Ring / Air Ring Sub FG - Wabi Sabi,UHWBFGAG08,94682.26,0.0
Air Ring / Air Ring Sub FG - Wabi Sabi,UHWBFGAG09,110908.03,0.0
Air Ring / Air Ring Sub FG - Wabi Sabi,UHWBFGAG10,25645.95,0.0
Air Ring / Air Ring Sub FG - Wabi Sabi,UHWBFGAG11,3026.45,0.0
Air Ring / Air Ring Sub FG - Wabi Sabi,UHWBFGAG12,35237.3,0.0
Air Ring / Air Ring Sub FG - Wabi Sabi,UHWBFGAS05,0.0,0.0
Air Ring / Air Ring Sub FG - Wabi Sabi,UHWBFGAS06,5692.29,0.0
Air Ring / Air Ring Sub FG - Wabi Sabi,UHWBFGAS07,101322.45,0.0
Air Ring / Air Ring Sub FG - Wabi Sabi,UHWBFGAS08,2636.2,0.0
Air Ring / Air Ring Sub FG - Wabi Sabi,UHWBFGAS09,5668.25,0.0
Air Ring / Air Ring Sub FG - Wabi Sabi,UHWBFGAS10,3007.67,0.0
Air Ring / Air Ring Sub FG - Wabi Sabi,UHWBFGAS11,0.0,0.0
Air Ring / Air Ring Sub FG - Wabi Sabi,UHWBFGAS13,8600.03,0.0
Air Ring / Air Ring Sub FG - Wabi Sabi,UHWBFGAS14,0.0,0.0
Air Ring / Air Ring Sub FG - Wabi Sabi,UHWBFGBR05,2801.38,0.0
Air Ring / Air Ring Sub FG - Wabi Sabi,UHWBFGBR06,0.0,0.0
Air Ring / Air Ring Sub FG - Wabi Sabi,UHWBFGBR07,0.0,0.0
Air Ring / Air Ring Sub FG - Wabi Sabi,UHWBFGBR09,0.0,0.0
Air Ring / Air Ring Sub FG - Wabi Sabi,UHWBFGBR10,0.0,0.0
Air Ring / Air Ring Sub FG - Wabi Sabi,UHWBFGBR13,2394.87,0.0
Air Ring / Air Ring Sub FG - Wabi Sabi,UHWBFGBR14,0.0,0.0
Air Ring / Air Ring Sub FG - Wabi Sabi,UHWBFGMG07,0.0,0.0
Air Ring / Air Ring Sub FG - Wabi Sabi,UHWBFGMG08,21968.27,0.0
Air Ring / Air Ring Sub FG - Wabi Sabi,UHWBFGMG09,22397.04,0.0
Air Ring / Air Ring Sub FG - Wabi Sabi,UHWBFGMG10,21845.89,0.0
Air Ring / Air Ring Sub FG - Wabi Sabi,UHWBFGMG11,8050.3,0.0
Air Ring / Air Ring Sub FG - Wabi Sabi,UHWBFGMG12,7936.61,0.0
Air Ring / Air Ring Sub FG - Wabi Sabi,UHWBFGMG13,2841.85,0.0
Air Ring / Air Ring Sub FG - Wabi Sabi,UHWBFGMG14,6320.36,0.0
Air Ring / Air Ring Sub FG - Wabi Sabi,UHWBFGRT05,4280.06,0.0
Air Ring / Air Ring Sub FG - Wabi Sabi,UHWBFGRT06,17901.5,0.0
Air Ring / Air Ring Sub FG - Wabi Sabi,UHWBFGRT07,14014.78,0.0
Air Ring / Air Ring Sub FG - Wabi Sabi,UHWBFGRT08,14486.96,0.0
Air Ring / Air Ring Sub FG - Wabi Sabi,UHWBFGRT09,30160.14,0.0
Air Ring / Air Ring Sub FG - Wabi Sabi,UHWBFGRT10,10969.37,0.0
Air Ring / Air Ring Sub FG - Wabi Sabi,UHWBFGRT11,0.0,0.0
Air Ring / Air Ring Sub FG - Wabi Sabi,UHWBFGRT12,47321.85,0.0
Air Ring / Air Ring Sub FG - Wabi Sabi,UHWBFGRT13,9822.21,0.0
